Copyright 1986-2022 Xilinx, Inc. All Rights Reserved. Copyright 2022-2024 Advanced Micro Devices, Inc. All Rights Reserved.
---------------------------------------------------------------------------------------------------------------------------------------------------------------------------------------------------------------------------------------------------
| Tool Version : Vivado v.2024.1 (win64) Build 5076996 Wed May 22 18:37:14 MDT 2024
| Date         : Thu Oct  8 19:14:51 2026
| Host         : racopc running 64-bit major release  (build 9200)
| Command      : report_timing_summary -max_paths 10 -report_unconstrained -file magnitude_gradient_timing_summary_routed.rpt -pb magnitude_gradient_timing_summary_routed.pb -rpx magnitude_gradient_timing_summary_routed.rpx -warn_on_violation
| Design       : magnitude_gradient
| Device       : 7z020-clg400
| Speed File   : -1  PRODUCTION 1.12 2019-11-22
| Design State : Routed
---------------------------------------------------------------------------------------------------------------------------------------------------------------------------------------------------------------------------------------------------

Timing Summary Report

------------------------------------------------------------------------------------------------
| Timer Settings
| --------------
------------------------------------------------------------------------------------------------

  Enable Multi Corner Analysis               :  Yes
  Enable Pessimism Removal                   :  Yes
  Pessimism Removal Resolution               :  Nearest Common Node
  Enable Input Delay Default Clock           :  No
  Enable Preset / Clear Arcs                 :  No
  Disable Flight Delays                      :  No
  Ignore I/O Paths                           :  No
  Timing Early Launch at Borrowing Latches   :  No
  Borrow Time for Max Delay Exceptions       :  Yes
  Merge Timing Exceptions                    :  Yes
  Inter-SLR Compensation                     :  Conservative

  Corner  Analyze    Analyze    
  Name    Max Paths  Min Paths  
  ------  ---------  ---------  
  Slow    Yes        Yes        
  Fast    Yes        Yes        


------------------------------------------------------------------------------------------------
| Report Methodology
| ------------------
------------------------------------------------------------------------------------------------

Rule       Severity  Description                    Violations  
---------  --------  -----------------------------  ----------  
TIMING-18  Warning   Missing input or output delay  3           

Note: This report is based on the most recent report_methodology run and may not be up-to-date. Run report_methodology on the current design for the latest report.



check_timing report

Table of Contents
-----------------
1. checking no_clock (0)
2. checking constant_clock (0)
3. checking pulse_width_clock (0)
4. checking unconstrained_internal_endpoints (0)
5. checking no_input_delay (2)
6. checking no_output_delay (1)
7. checking multiple_clock (0)
8. checking generated_clocks (0)
9. checking loops (0)
10. checking partial_input_delay (0)
11. checking partial_output_delay (0)
12. checking latch_loops (0)

1. checking no_clock (0)
------------------------
 There are 0 register/latch pins with no clock.


2. checking constant_clock (0)
------------------------------
 There are 0 register/latch pins with constant_clock.


3. checking pulse_width_clock (0)
---------------------------------
 There are 0 register/latch pins which need pulse_width check


4. checking unconstrained_internal_endpoints (0)
------------------------------------------------
 There are 0 pins that are not constrained for maximum delay.

 There are 0 pins that are not constrained for maximum delay due to constant clock.


5. checking no_input_delay (2)
------------------------------
 There are 2 input ports with no input delay specified. (HIGH)

 There are 0 input ports with no input delay but user has a false path constraint.


6. checking no_output_delay (1)
-------------------------------
 There is 1 port with no output delay specified. (HIGH)

 There are 0 ports with no output delay but user has a false path constraint

 There are 0 ports with no output delay but with a timing clock defined on it or propagating through it


7. checking multiple_clock (0)
------------------------------
 There are 0 register/latch pins with multiple clocks.


8. checking generated_clocks (0)
--------------------------------
 There are 0 generated clocks that are not connected to a clock source.


9. checking loops (0)
---------------------
 There are 0 combinational loops in the design.


10. checking partial_input_delay (0)
------------------------------------
 There are 0 input ports with partial input delay specified.


11. checking partial_output_delay (0)
-------------------------------------
 There are 0 ports with partial output delay specified.


12. checking latch_loops (0)
----------------------------
 There are 0 combinational latch loops in the design through latch input



------------------------------------------------------------------------------------------------
| Design Timing Summary
| ---------------------
------------------------------------------------------------------------------------------------

    WNS(ns)      TNS(ns)  TNS Failing Endpoints  TNS Total Endpoints      WHS(ns)      THS(ns)  THS Failing Endpoints  THS Total Endpoints     WPWS(ns)     TPWS(ns)  TPWS Failing Endpoints  TPWS Total Endpoints  
    -------      -------  ---------------------  -------------------      -------      -------  ---------------------  -------------------     --------     --------  ----------------------  --------------------  
      0.506        0.000                      0                 2063        0.028        0.000                      0                 2063        3.020        0.000                       0                   865  


All user specified timing constraints are met.


------------------------------------------------------------------------------------------------
| Clock Summary
| -------------
------------------------------------------------------------------------------------------------

Clock        Waveform(ns)         Period(ns)      Frequency(MHz)
-----        ------------         ----------      --------------
sys_clk_pin  {0.000 4.000}        8.000           125.000         


------------------------------------------------------------------------------------------------
| Intra Clock Table
| -----------------
------------------------------------------------------------------------------------------------

Clock             WNS(ns)      TNS(ns)  TNS Failing Endpoints  TNS Total Endpoints      WHS(ns)      THS(ns)  THS Failing Endpoints  THS Total Endpoints     WPWS(ns)     TPWS(ns)  TPWS Failing Endpoints  TPWS Total Endpoints  
-----             -------      -------  ---------------------  -------------------      -------      -------  ---------------------  -------------------     --------     --------  ----------------------  --------------------  
sys_clk_pin         0.506        0.000                      0                 2063        0.028        0.000                      0                 2063        3.020        0.000                       0                   865  


------------------------------------------------------------------------------------------------
| Inter Clock Table
| -----------------
------------------------------------------------------------------------------------------------

From Clock    To Clock          WNS(ns)      TNS(ns)  TNS Failing Endpoints  TNS Total Endpoints      WHS(ns)      THS(ns)  THS Failing Endpoints  THS Total Endpoints  
----------    --------          -------      -------  ---------------------  -------------------      -------      -------  ---------------------  -------------------  


------------------------------------------------------------------------------------------------
| Other Path Groups Table
| -----------------------
------------------------------------------------------------------------------------------------

Path Group    From Clock    To Clock          WNS(ns)      TNS(ns)  TNS Failing Endpoints  TNS Total Endpoints      WHS(ns)      THS(ns)  THS Failing Endpoints  THS Total Endpoints  
----------    ----------    --------          -------      -------  ---------------------  -------------------      -------      -------  ---------------------  -------------------  


------------------------------------------------------------------------------------------------
| User Ignored Path Table
| -----------------------
------------------------------------------------------------------------------------------------

Path Group    From Clock    To Clock    
----------    ----------    --------    


------------------------------------------------------------------------------------------------
| Unconstrained Path Table
| ------------------------
------------------------------------------------------------------------------------------------

Path Group    From Clock    To Clock    
----------    ----------    --------    
(none)        sys_clk_pin                 
(none)                      sys_clk_pin   


------------------------------------------------------------------------------------------------
| Timing Details
| --------------
------------------------------------------------------------------------------------------------


---------------------------------------------------------------------------------------------------
From Clock:  sys_clk_pin
  To Clock:  sys_clk_pin

Setup :            0  Failing Endpoints,  Worst Slack        0.506ns,  Total Violation        0.000ns
Hold  :            0  Failing Endpoints,  Worst Slack        0.028ns,  Total Violation        0.000ns
PW    :            0  Failing Endpoints,  Worst Slack        3.020ns,  Total Violation        0.000ns
---------------------------------------------------------------------------------------------------


Max Delay Paths
--------------------------------------------------------------------------------------
Slack (MET) :             0.506ns  (required time - arrival time)
  Source:                 SQRT_MAP/gen_pipeline[5].idx_pipe_reg[6][3]/C
                            (rising edge-triggered cell FDRE clocked by sys_clk_pin  {rise@0.000ns fall@4.000ns period=8.000ns})
  Destination:            SQRT_MAP/gen_pipeline[6].rem_pipe_reg[7][29]/D
                            (rising edge-triggered cell FDRE clocked by sys_clk_pin  {rise@0.000ns fall@4.000ns period=8.000ns})
  Path Group:             sys_clk_pin
  Path Type:              Setup (Max at Slow Process Corner)
  Requirement:            8.000ns  (sys_clk_pin rise@8.000ns - sys_clk_pin rise@0.000ns)
  Data Path Delay:        7.493ns  (logic 4.018ns (53.627%)  route 3.474ns (46.373%))
  Logic Levels:           17  (CARRY4=13 LUT1=1 LUT5=2 LUT6=1)
  Clock Path Skew:        -0.028ns (DCD - SCD + CPR)
    Destination Clock Delay (DCD):    5.545ns = ( 13.545 - 8.000 ) 
    Source Clock Delay      (SCD):    6.051ns
    Clock Pessimism Removal (CPR):    0.478ns
  Clock Uncertainty:      0.035ns  ((TSJ^2 + TIJ^2)^1/2 + DJ) / 2 + PE
    Total System Jitter     (TSJ):    0.071ns
    Total Input Jitter      (TIJ):    0.000ns
    Discrete Jitter          (DJ):    0.000ns
    Phase Error              (PE):    0.000ns

    Location             Delay type                Incr(ns)  Path(ns)    Netlist Resource(s)
  -------------------------------------------------------------------    -------------------
                         (clock sys_clk_pin rise edge)
                                                      0.000     0.000 r  
    H16                                               0.000     0.000 r  clk (IN)
                         net (fo=0)                   0.000     0.000    clk
    H16                  IBUF (Prop_ibuf_I_O)         1.451     1.451 r  clk_IBUF_inst/O
                         net (fo=1, routed)           2.522     3.973    clk_IBUF
    BUFGCTRL_X0Y16       BUFG (Prop_bufg_I_O)         0.101     4.074 r  clk_IBUF_BUFG_inst/O
                         net (fo=864, routed)         1.977     6.051    SQRT_MAP/clk_IBUF_BUFG
    SLICE_X94Y100        FDRE                                         r  SQRT_MAP/gen_pipeline[5].idx_pipe_reg[6][3]/C
  -------------------------------------------------------------------    -------------------
    SLICE_X94Y100        FDRE (Prop_fdre_C_Q)         0.518     6.569 r  SQRT_MAP/gen_pipeline[5].idx_pipe_reg[6][3]/Q
                         net (fo=18, routed)          1.051     7.619    SQRT_MAP/gen_pipeline[5].idx_pipe_reg_n_0_[6][3]
    SLICE_X94Y102        LUT6 (Prop_lut6_I3_O)        0.124     7.743 r  SQRT_MAP/gen_pipeline[6].rem_pipe[7][3]_i_13/O
                         net (fo=1, routed)           0.670     8.414    SQRT_MAP/gen_pipeline[6].rem_pipe[7][3]_i_13_n_0
    SLICE_X94Y102        LUT5 (Prop_lut5_I0_O)        0.124     8.538 r  SQRT_MAP/gen_pipeline[6].rem_pipe[7][3]_i_10/O
                         net (fo=3, routed)           0.173     8.710    SQRT_MAP/gen_pipeline[6].rem_pipe[7][3]_i_10_n_0
    SLICE_X94Y102        LUT5 (Prop_lut5_I4_O)        0.124     8.834 r  SQRT_MAP/gen_pipeline[6].rem_pipe[7][3]_i_3/O
                         net (fo=2, routed)           0.475     9.310    SQRT_MAP/R16_in[1]
    SLICE_X96Y101        CARRY4 (Prop_carry4_DI[0]_CO[3])
                                                      0.550     9.860 r  SQRT_MAP/gen_pipeline[6].root_pipe_reg[7][0]_i_23/CO[3]
                         net (fo=1, routed)           0.000     9.860    SQRT_MAP/gen_pipeline[6].root_pipe_reg[7][0]_i_23_n_0
    SLICE_X96Y102        CARRY4 (Prop_carry4_CI_CO[3])
                                                      0.117     9.977 r  SQRT_MAP/gen_pipeline[6].root_pipe_reg[7][0]_i_14/CO[3]
                         net (fo=1, routed)           0.000     9.977    SQRT_MAP/gen_pipeline[6].root_pipe_reg[7][0]_i_14_n_0
    SLICE_X96Y103        CARRY4 (Prop_carry4_CI_CO[3])
                                                      0.117    10.094 r  SQRT_MAP/gen_pipeline[6].root_pipe_reg[7][0]_i_5/CO[3]
                         net (fo=1, routed)           0.000    10.094    SQRT_MAP/gen_pipeline[6].root_pipe_reg[7][0]_i_5_n_0
    SLICE_X96Y104        CARRY4 (Prop_carry4_CI_CO[3])
                                                      0.117    10.211 r  SQRT_MAP/gen_pipeline[6].root_pipe_reg[7][0]_i_2/CO[3]
                         net (fo=1, routed)           0.000    10.211    SQRT_MAP/gen_pipeline[6].root_pipe_reg[7][0]_i_2_n_0
    SLICE_X96Y105        CARRY4 (Prop_carry4_CI_O[1])
                                                      0.323    10.534 f  SQRT_MAP/gen_pipeline[6].root_pipe_reg[7][0]_i_1/O[1]
                         net (fo=32, routed)          0.618    11.151    SQRT_MAP/gen_pipeline[6].root_pipe_reg[7][0]_i_1_n_6
    SLICE_X98Y104        LUT1 (Prop_lut1_I0_O)        0.306    11.457 r  SQRT_MAP/gen_pipeline[6].rem_pipe[7][3]_i_2/O
                         net (fo=1, routed)           0.488    11.945    SQRT_MAP/gen_pipeline[6].rem_pipe[7][3]_i_2_n_0
    SLICE_X95Y102        CARRY4 (Prop_carry4_CYINIT_CO[3])
                                                      0.580    12.525 r  SQRT_MAP/gen_pipeline[6].rem_pipe_reg[7][3]_i_1/CO[3]
                         net (fo=1, routed)           0.000    12.525    SQRT_MAP/gen_pipeline[6].rem_pipe_reg[7][3]_i_1_n_0
    SLICE_X95Y103        CARRY4 (Prop_carry4_CI_CO[3])
                                                      0.114    12.639 r  SQRT_MAP/gen_pipeline[6].rem_pipe_reg[7][7]_i_1/CO[3]
                         net (fo=1, routed)           0.000    12.639    SQRT_MAP/gen_pipeline[6].rem_pipe_reg[7][7]_i_1_n_0
    SLICE_X95Y104        CARRY4 (Prop_carry4_CI_CO[3])
                                                      0.114    12.753 r  SQRT_MAP/gen_pipeline[6].rem_pipe_reg[7][11]_i_1/CO[3]
                         net (fo=1, routed)           0.000    12.753    SQRT_MAP/gen_pipeline[6].rem_pipe_reg[7][11]_i_1_n_0
    SLICE_X95Y105        CARRY4 (Prop_carry4_CI_CO[3])
                                                      0.114    12.867 r  SQRT_MAP/gen_pipeline[6].rem_pipe_reg[7][15]_i_1/CO[3]
                         net (fo=1, routed)           0.000    12.867    SQRT_MAP/gen_pipeline[6].rem_pipe_reg[7][15]_i_1_n_0
    SLICE_X95Y106        CARRY4 (Prop_carry4_CI_CO[3])
                                                      0.114    12.981 r  SQRT_MAP/gen_pipeline[6].rem_pipe_reg[7][19]_i_1/CO[3]
                         net (fo=1, routed)           0.000    12.981    SQRT_MAP/gen_pipeline[6].rem_pipe_reg[7][19]_i_1_n_0
    SLICE_X95Y107        CARRY4 (Prop_carry4_CI_CO[3])
                                                      0.114    13.095 r  SQRT_MAP/gen_pipeline[6].rem_pipe_reg[7][23]_i_1/CO[3]
                         net (fo=1, routed)           0.000    13.095    SQRT_MAP/gen_pipeline[6].rem_pipe_reg[7][23]_i_1_n_0
    SLICE_X95Y108        CARRY4 (Prop_carry4_CI_CO[3])
                                                      0.114    13.209 r  SQRT_MAP/gen_pipeline[6].rem_pipe_reg[7][27]_i_1/CO[3]
                         net (fo=1, routed)           0.000    13.209    SQRT_MAP/gen_pipeline[6].rem_pipe_reg[7][27]_i_1_n_0
    SLICE_X95Y109        CARRY4 (Prop_carry4_CI_O[1])
                                                      0.334    13.543 r  SQRT_MAP/gen_pipeline[6].rem_pipe_reg[7][31]_i_1/O[1]
                         net (fo=1, routed)           0.000    13.543    SQRT_MAP/gen_pipeline[6].rem_pipe_reg[7][31]_i_1_n_6
    SLICE_X95Y109        FDRE                                         r  SQRT_MAP/gen_pipeline[6].rem_pipe_reg[7][29]/D
  -------------------------------------------------------------------    -------------------

                         (clock sys_clk_pin rise edge)
                                                      8.000     8.000 r  
    H16                                               0.000     8.000 r  clk (IN)
                         net (fo=0)                   0.000     8.000    clk
    H16                  IBUF (Prop_ibuf_I_O)         1.380     9.380 r  clk_IBUF_inst/O
                         net (fo=1, routed)           2.293    11.673    clk_IBUF
    BUFGCTRL_X0Y16       BUFG (Prop_bufg_I_O)         0.091    11.764 r  clk_IBUF_BUFG_inst/O
                         net (fo=864, routed)         1.780    13.545    SQRT_MAP/clk_IBUF_BUFG
    SLICE_X95Y109        FDRE                                         r  SQRT_MAP/gen_pipeline[6].rem_pipe_reg[7][29]/C
                         clock pessimism              0.478    14.023    
                         clock uncertainty           -0.035    13.987    
    SLICE_X95Y109        FDRE (Setup_fdre_C_D)        0.062    14.049    SQRT_MAP/gen_pipeline[6].rem_pipe_reg[7][29]
  -------------------------------------------------------------------
                         required time                         14.049    
                         arrival time                         -13.543    
  -------------------------------------------------------------------
                         slack                                  0.506    

Slack (MET) :             0.527ns  (required time - arrival time)
  Source:                 SQRT_MAP/gen_pipeline[5].idx_pipe_reg[6][3]/C
                            (rising edge-triggered cell FDRE clocked by sys_clk_pin  {rise@0.000ns fall@4.000ns period=8.000ns})
  Destination:            SQRT_MAP/gen_pipeline[6].rem_pipe_reg[7][31]/D
                            (rising edge-triggered cell FDRE clocked by sys_clk_pin  {rise@0.000ns fall@4.000ns period=8.000ns})
  Path Group:             sys_clk_pin
  Path Type:              Setup (Max at Slow Process Corner)
  Requirement:            8.000ns  (sys_clk_pin rise@8.000ns - sys_clk_pin rise@0.000ns)
  Data Path Delay:        7.472ns  (logic 3.997ns (53.497%)  route 3.474ns (46.503%))
  Logic Levels:           17  (CARRY4=13 LUT1=1 LUT5=2 LUT6=1)
  Clock Path Skew:        -0.028ns (DCD - SCD + CPR)
    Destination Clock Delay (DCD):    5.545ns = ( 13.545 - 8.000 ) 
    Source Clock Delay      (SCD):    6.051ns
    Clock Pessimism Removal (CPR):    0.478ns
  Clock Uncertainty:      0.035ns  ((TSJ^2 + TIJ^2)^1/2 + DJ) / 2 + PE
    Total System Jitter     (TSJ):    0.071ns
    Total Input Jitter      (TIJ):    0.000ns
    Discrete Jitter          (DJ):    0.000ns
    Phase Error              (PE):    0.000ns

    Location             Delay type                Incr(ns)  Path(ns)    Netlist Resource(s)
  -------------------------------------------------------------------    -------------------
                         (clock sys_clk_pin rise edge)
                                                      0.000     0.000 r  
    H16                                               0.000     0.000 r  clk (IN)
                         net (fo=0)                   0.000     0.000    clk
    H16                  IBUF (Prop_ibuf_I_O)         1.451     1.451 r  clk_IBUF_inst/O
                         net (fo=1, routed)           2.522     3.973    clk_IBUF
    BUFGCTRL_X0Y16       BUFG (Prop_bufg_I_O)         0.101     4.074 r  clk_IBUF_BUFG_inst/O
                         net (fo=864, routed)         1.977     6.051    SQRT_MAP/clk_IBUF_BUFG
    SLICE_X94Y100        FDRE                                         r  SQRT_MAP/gen_pipeline[5].idx_pipe_reg[6][3]/C
  -------------------------------------------------------------------    -------------------
    SLICE_X94Y100        FDRE (Prop_fdre_C_Q)         0.518     6.569 r  SQRT_MAP/gen_pipeline[5].idx_pipe_reg[6][3]/Q
                         net (fo=18, routed)          1.051     7.619    SQRT_MAP/gen_pipeline[5].idx_pipe_reg_n_0_[6][3]
    SLICE_X94Y102        LUT6 (Prop_lut6_I3_O)        0.124     7.743 r  SQRT_MAP/gen_pipeline[6].rem_pipe[7][3]_i_13/O
                         net (fo=1, routed)           0.670     8.414    SQRT_MAP/gen_pipeline[6].rem_pipe[7][3]_i_13_n_0
    SLICE_X94Y102        LUT5 (Prop_lut5_I0_O)        0.124     8.538 r  SQRT_MAP/gen_pipeline[6].rem_pipe[7][3]_i_10/O
                         net (fo=3, routed)           0.173     8.710    SQRT_MAP/gen_pipeline[6].rem_pipe[7][3]_i_10_n_0
    SLICE_X94Y102        LUT5 (Prop_lut5_I4_O)        0.124     8.834 r  SQRT_MAP/gen_pipeline[6].rem_pipe[7][3]_i_3/O
                         net (fo=2, routed)           0.475     9.310    SQRT_MAP/R16_in[1]
    SLICE_X96Y101        CARRY4 (Prop_carry4_DI[0]_CO[3])
                                                      0.550     9.860 r  SQRT_MAP/gen_pipeline[6].root_pipe_reg[7][0]_i_23/CO[3]
                         net (fo=1, routed)           0.000     9.860    SQRT_MAP/gen_pipeline[6].root_pipe_reg[7][0]_i_23_n_0
    SLICE_X96Y102        CARRY4 (Prop_carry4_CI_CO[3])
                                                      0.117     9.977 r  SQRT_MAP/gen_pipeline[6].root_pipe_reg[7][0]_i_14/CO[3]
                         net (fo=1, routed)           0.000     9.977    SQRT_MAP/gen_pipeline[6].root_pipe_reg[7][0]_i_14_n_0
    SLICE_X96Y103        CARRY4 (Prop_carry4_CI_CO[3])
                                                      0.117    10.094 r  SQRT_MAP/gen_pipeline[6].root_pipe_reg[7][0]_i_5/CO[3]
                         net (fo=1, routed)           0.000    10.094    SQRT_MAP/gen_pipeline[6].root_pipe_reg[7][0]_i_5_n_0
    SLICE_X96Y104        CARRY4 (Prop_carry4_CI_CO[3])
                                                      0.117    10.211 r  SQRT_MAP/gen_pipeline[6].root_pipe_reg[7][0]_i_2/CO[3]
                         net (fo=1, routed)           0.000    10.211    SQRT_MAP/gen_pipeline[6].root_pipe_reg[7][0]_i_2_n_0
    SLICE_X96Y105        CARRY4 (Prop_carry4_CI_O[1])
                                                      0.323    10.534 f  SQRT_MAP/gen_pipeline[6].root_pipe_reg[7][0]_i_1/O[1]
                         net (fo=32, routed)          0.618    11.151    SQRT_MAP/gen_pipeline[6].root_pipe_reg[7][0]_i_1_n_6
    SLICE_X98Y104        LUT1 (Prop_lut1_I0_O)        0.306    11.457 r  SQRT_MAP/gen_pipeline[6].rem_pipe[7][3]_i_2/O
                         net (fo=1, routed)           0.488    11.945    SQRT_MAP/gen_pipeline[6].rem_pipe[7][3]_i_2_n_0
    SLICE_X95Y102        CARRY4 (Prop_carry4_CYINIT_CO[3])
                                                      0.580    12.525 r  SQRT_MAP/gen_pipeline[6].rem_pipe_reg[7][3]_i_1/CO[3]
                         net (fo=1, routed)           0.000    12.525    SQRT_MAP/gen_pipeline[6].rem_pipe_reg[7][3]_i_1_n_0
    SLICE_X95Y103        CARRY4 (Prop_carry4_CI_CO[3])
                                                      0.114    12.639 r  SQRT_MAP/gen_pipeline[6].rem_pipe_reg[7][7]_i_1/CO[3]
                         net (fo=1, routed)           0.000    12.639    SQRT_MAP/gen_pipeline[6].rem_pipe_reg[7][7]_i_1_n_0
    SLICE_X95Y104        CARRY4 (Prop_carry4_CI_CO[3])
                                                      0.114    12.753 r  SQRT_MAP/gen_pipeline[6].rem_pipe_reg[7][11]_i_1/CO[3]
                         net (fo=1, routed)           0.000    12.753    SQRT_MAP/gen_pipeline[6].rem_pipe_reg[7][11]_i_1_n_0
    SLICE_X95Y105        CARRY4 (Prop_carry4_CI_CO[3])
                                                      0.114    12.867 r  SQRT_MAP/gen_pipeline[6].rem_pipe_reg[7][15]_i_1/CO[3]
                         net (fo=1, routed)           0.000    12.867    SQRT_MAP/gen_pipeline[6].rem_pipe_reg[7][15]_i_1_n_0
    SLICE_X95Y106        CARRY4 (Prop_carry4_CI_CO[3])
                                                      0.114    12.981 r  SQRT_MAP/gen_pipeline[6].rem_pipe_reg[7][19]_i_1/CO[3]
                         net (fo=1, routed)           0.000    12.981    SQRT_MAP/gen_pipeline[6].rem_pipe_reg[7][19]_i_1_n_0
    SLICE_X95Y107        CARRY4 (Prop_carry4_CI_CO[3])
                                                      0.114    13.095 r  SQRT_MAP/gen_pipeline[6].rem_pipe_reg[7][23]_i_1/CO[3]
                         net (fo=1, routed)           0.000    13.095    SQRT_MAP/gen_pipeline[6].rem_pipe_reg[7][23]_i_1_n_0
    SLICE_X95Y108        CARRY4 (Prop_carry4_CI_CO[3])
                                                      0.114    13.209 r  SQRT_MAP/gen_pipeline[6].rem_pipe_reg[7][27]_i_1/CO[3]
                         net (fo=1, routed)           0.000    13.209    SQRT_MAP/gen_pipeline[6].rem_pipe_reg[7][27]_i_1_n_0
    SLICE_X95Y109        CARRY4 (Prop_carry4_CI_O[3])
                                                      0.313    13.522 r  SQRT_MAP/gen_pipeline[6].rem_pipe_reg[7][31]_i_1/O[3]
                         net (fo=1, routed)           0.000    13.522    SQRT_MAP/gen_pipeline[6].rem_pipe_reg[7][31]_i_1_n_4
    SLICE_X95Y109        FDRE                                         r  SQRT_MAP/gen_pipeline[6].rem_pipe_reg[7][31]/D
  -------------------------------------------------------------------    -------------------

                         (clock sys_clk_pin rise edge)
                                                      8.000     8.000 r  
    H16                                               0.000     8.000 r  clk (IN)
                         net (fo=0)                   0.000     8.000    clk
    H16                  IBUF (Prop_ibuf_I_O)         1.380     9.380 r  clk_IBUF_inst/O
                         net (fo=1, routed)           2.293    11.673    clk_IBUF
    BUFGCTRL_X0Y16       BUFG (Prop_bufg_I_O)         0.091    11.764 r  clk_IBUF_BUFG_inst/O
                         net (fo=864, routed)         1.780    13.545    SQRT_MAP/clk_IBUF_BUFG
    SLICE_X95Y109        FDRE                                         r  SQRT_MAP/gen_pipeline[6].rem_pipe_reg[7][31]/C
                         clock pessimism              0.478    14.023    
                         clock uncertainty           -0.035    13.987    
    SLICE_X95Y109        FDRE (Setup_fdre_C_D)        0.062    14.049    SQRT_MAP/gen_pipeline[6].rem_pipe_reg[7][31]
  -------------------------------------------------------------------
                         required time                         14.049    
                         arrival time                         -13.522    
  -------------------------------------------------------------------
                         slack                                  0.527    

Slack (MET) :             0.533ns  (required time - arrival time)
  Source:                 SQRT_MAP/gen_pipeline[2].ukupni_parovi_pipe_reg[3][22]/C
                            (rising edge-triggered cell FDRE clocked by sys_clk_pin  {rise@0.000ns fall@4.000ns period=8.000ns})
  Destination:            SQRT_MAP/gen_pipeline[3].rem_pipe_reg[4][29]/D
                            (rising edge-triggered cell FDRE clocked by sys_clk_pin  {rise@0.000ns fall@4.000ns period=8.000ns})
  Path Group:             sys_clk_pin
  Path Type:              Setup (Max at Slow Process Corner)
  Requirement:            8.000ns  (sys_clk_pin rise@8.000ns - sys_clk_pin rise@0.000ns)
  Data Path Delay:        7.550ns  (logic 3.953ns (52.356%)  route 3.597ns (47.644%))
  Logic Levels:           17  (CARRY4=13 LUT1=1 LUT5=2 LUT6=1)
  Clock Path Skew:        0.010ns (DCD - SCD + CPR)
    Destination Clock Delay (DCD):    5.547ns = ( 13.547 - 8.000 ) 
    Source Clock Delay      (SCD):    5.860ns
    Clock Pessimism Removal (CPR):    0.323ns
  Clock Uncertainty:      0.035ns  ((TSJ^2 + TIJ^2)^1/2 + DJ) / 2 + PE
    Total System Jitter     (TSJ):    0.071ns
    Total Input Jitter      (TIJ):    0.000ns
    Discrete Jitter          (DJ):    0.000ns
    Phase Error              (PE):    0.000ns

    Location             Delay type                Incr(ns)  Path(ns)    Netlist Resource(s)
  -------------------------------------------------------------------    -------------------
                         (clock sys_clk_pin rise edge)
                                                      0.000     0.000 r  
    H16                                               0.000     0.000 r  clk (IN)
                         net (fo=0)                   0.000     0.000    clk
    H16                  IBUF (Prop_ibuf_I_O)         1.451     1.451 r  clk_IBUF_inst/O
                         net (fo=1, routed)           2.522     3.973    clk_IBUF
    BUFGCTRL_X0Y16       BUFG (Prop_bufg_I_O)         0.101     4.074 r  clk_IBUF_BUFG_inst/O
                         net (fo=864, routed)         1.786     5.860    SQRT_MAP/clk_IBUF_BUFG
    SLICE_X103Y97        FDRE                                         r  SQRT_MAP/gen_pipeline[2].ukupni_parovi_pipe_reg[3][22]/C
  -------------------------------------------------------------------    -------------------
    SLICE_X103Y97        FDRE (Prop_fdre_C_Q)         0.456     6.316 r  SQRT_MAP/gen_pipeline[2].ukupni_parovi_pipe_reg[3][22]/Q
                         net (fo=4, routed)           1.095     7.411    SQRT_MAP/gen_pipeline[2].ukupni_parovi_pipe_reg[3]_3[22]
    SLICE_X103Y97        LUT6 (Prop_lut6_I0_O)        0.124     7.535 r  SQRT_MAP/gen_pipeline[3].rem_pipe[4][3]_i_13/O
                         net (fo=1, routed)           0.433     7.968    SQRT_MAP/gen_pipeline[3].rem_pipe[4][3]_i_13_n_0
    SLICE_X103Y97        LUT5 (Prop_lut5_I0_O)        0.124     8.092 r  SQRT_MAP/gen_pipeline[3].rem_pipe[4][3]_i_10/O
                         net (fo=3, routed)           0.454     8.546    SQRT_MAP/gen_pipeline[3].rem_pipe[4][3]_i_10_n_0
    SLICE_X101Y96        LUT5 (Prop_lut5_I4_O)        0.124     8.670 r  SQRT_MAP/gen_pipeline[3].rem_pipe[4][3]_i_3/O
                         net (fo=2, routed)           0.523     9.193    SQRT_MAP/R22_in[1]
    SLICE_X101Y97        CARRY4 (Prop_carry4_DI[0]_CO[3])
                                                      0.526     9.719 r  SQRT_MAP/gen_pipeline[3].root_pipe_reg[4][0]_i_23/CO[3]
                         net (fo=1, routed)           0.000     9.719    SQRT_MAP/gen_pipeline[3].root_pipe_reg[4][0]_i_23_n_0
    SLICE_X101Y98        CARRY4 (Prop_carry4_CI_CO[3])
                                                      0.114     9.833 r  SQRT_MAP/gen_pipeline[3].root_pipe_reg[4][0]_i_14/CO[3]
                         net (fo=1, routed)           0.000     9.833    SQRT_MAP/gen_pipeline[3].root_pipe_reg[4][0]_i_14_n_0
    SLICE_X101Y99        CARRY4 (Prop_carry4_CI_CO[3])
                                                      0.114     9.947 r  SQRT_MAP/gen_pipeline[3].root_pipe_reg[4][0]_i_5/CO[3]
                         net (fo=1, routed)           0.001     9.947    SQRT_MAP/gen_pipeline[3].root_pipe_reg[4][0]_i_5_n_0
    SLICE_X101Y100       CARRY4 (Prop_carry4_CI_CO[3])
                                                      0.114    10.061 r  SQRT_MAP/gen_pipeline[3].root_pipe_reg[4][0]_i_2/CO[3]
                         net (fo=1, routed)           0.000    10.061    SQRT_MAP/gen_pipeline[3].root_pipe_reg[4][0]_i_2_n_0
    SLICE_X101Y101       CARRY4 (Prop_carry4_CI_O[1])
                                                      0.334    10.395 f  SQRT_MAP/gen_pipeline[3].root_pipe_reg[4][0]_i_1/O[1]
                         net (fo=32, routed)          0.753    11.149    SQRT_MAP/gen_pipeline[3].root_pipe_reg[4][0]_i_1_n_6
    SLICE_X99Y98         LUT1 (Prop_lut1_I0_O)        0.303    11.452 r  SQRT_MAP/gen_pipeline[3].rem_pipe[4][3]_i_2/O
                         net (fo=1, routed)           0.337    11.789    SQRT_MAP/gen_pipeline[3].rem_pipe[4][3]_i_2_n_0
    SLICE_X100Y97        CARRY4 (Prop_carry4_CYINIT_CO[3])
                                                      0.595    12.384 r  SQRT_MAP/gen_pipeline[3].rem_pipe_reg[4][3]_i_1/CO[3]
                         net (fo=1, routed)           0.000    12.384    SQRT_MAP/gen_pipeline[3].rem_pipe_reg[4][3]_i_1_n_0
    SLICE_X100Y98        CARRY4 (Prop_carry4_CI_CO[3])
                                                      0.117    12.501 r  SQRT_MAP/gen_pipeline[3].rem_pipe_reg[4][7]_i_1/CO[3]
                         net (fo=1, routed)           0.000    12.501    SQRT_MAP/gen_pipeline[3].rem_pipe_reg[4][7]_i_1_n_0
    SLICE_X100Y99        CARRY4 (Prop_carry4_CI_CO[3])
                                                      0.117    12.618 r  SQRT_MAP/gen_pipeline[3].rem_pipe_reg[4][11]_i_1/CO[3]
                         net (fo=1, routed)           0.001    12.619    SQRT_MAP/gen_pipeline[3].rem_pipe_reg[4][11]_i_1_n_0
    SLICE_X100Y100       CARRY4 (Prop_carry4_CI_CO[3])
                                                      0.117    12.736 r  SQRT_MAP/gen_pipeline[3].rem_pipe_reg[4][15]_i_1/CO[3]
                         net (fo=1, routed)           0.000    12.736    SQRT_MAP/gen_pipeline[3].rem_pipe_reg[4][15]_i_1_n_0
    SLICE_X100Y101       CARRY4 (Prop_carry4_CI_CO[3])
                                                      0.117    12.853 r  SQRT_MAP/gen_pipeline[3].rem_pipe_reg[4][19]_i_1/CO[3]
                         net (fo=1, routed)           0.000    12.853    SQRT_MAP/gen_pipeline[3].rem_pipe_reg[4][19]_i_1_n_0
    SLICE_X100Y102       CARRY4 (Prop_carry4_CI_CO[3])
                                                      0.117    12.970 r  SQRT_MAP/gen_pipeline[3].rem_pipe_reg[4][23]_i_1/CO[3]
                         net (fo=1, routed)           0.000    12.970    SQRT_MAP/gen_pipeline[3].rem_pipe_reg[4][23]_i_1_n_0
    SLICE_X100Y103       CARRY4 (Prop_carry4_CI_CO[3])
                                                      0.117    13.087 r  SQRT_MAP/gen_pipeline[3].rem_pipe_reg[4][27]_i_1/CO[3]
                         net (fo=1, routed)           0.000    13.087    SQRT_MAP/gen_pipeline[3].rem_pipe_reg[4][27]_i_1_n_0
    SLICE_X100Y104       CARRY4 (Prop_carry4_CI_O[1])
                                                      0.323    13.410 r  SQRT_MAP/gen_pipeline[3].rem_pipe_reg[4][31]_i_1/O[1]
                         net (fo=1, routed)           0.000    13.410    SQRT_MAP/gen_pipeline[3].rem_pipe_reg[4][31]_i_1_n_6
    SLICE_X100Y104       FDRE                                         r  SQRT_MAP/gen_pipeline[3].rem_pipe_reg[4][29]/D
  -------------------------------------------------------------------    -------------------

                         (clock sys_clk_pin rise edge)
                                                      8.000     8.000 r  
    H16                                               0.000     8.000 r  clk (IN)
                         net (fo=0)                   0.000     8.000    clk
    H16                  IBUF (Prop_ibuf_I_O)         1.380     9.380 r  clk_IBUF_inst/O
                         net (fo=1, routed)           2.293    11.673    clk_IBUF
    BUFGCTRL_X0Y16       BUFG (Prop_bufg_I_O)         0.091    11.764 r  clk_IBUF_BUFG_inst/O
                         net (fo=864, routed)         1.782    13.547    SQRT_MAP/clk_IBUF_BUFG
    SLICE_X100Y104       FDRE                                         r  SQRT_MAP/gen_pipeline[3].rem_pipe_reg[4][29]/C
                         clock pessimism              0.323    13.870    
                         clock uncertainty           -0.035    13.834    
    SLICE_X100Y104       FDRE (Setup_fdre_C_D)        0.109    13.943    SQRT_MAP/gen_pipeline[3].rem_pipe_reg[4][29]
  -------------------------------------------------------------------
                         required time                         13.943    
                         arrival time                         -13.410    
  -------------------------------------------------------------------
                         slack                                  0.533    

Slack (MET) :             0.541ns  (required time - arrival time)
  Source:                 SQRT_MAP/gen_pipeline[2].ukupni_parovi_pipe_reg[3][22]/C
                            (rising edge-triggered cell FDRE clocked by sys_clk_pin  {rise@0.000ns fall@4.000ns period=8.000ns})
  Destination:            SQRT_MAP/gen_pipeline[3].rem_pipe_reg[4][31]/D
                            (rising edge-triggered cell FDRE clocked by sys_clk_pin  {rise@0.000ns fall@4.000ns period=8.000ns})
  Path Group:             sys_clk_pin
  Path Type:              Setup (Max at Slow Process Corner)
  Requirement:            8.000ns  (sys_clk_pin rise@8.000ns - sys_clk_pin rise@0.000ns)
  Data Path Delay:        7.542ns  (logic 3.945ns (52.305%)  route 3.597ns (47.695%))
  Logic Levels:           17  (CARRY4=13 LUT1=1 LUT5=2 LUT6=1)
  Clock Path Skew:        0.010ns (DCD - SCD + CPR)
    Destination Clock Delay (DCD):    5.547ns = ( 13.547 - 8.000 ) 
    Source Clock Delay      (SCD):    5.860ns
    Clock Pessimism Removal (CPR):    0.323ns
  Clock Uncertainty:      0.035ns  ((TSJ^2 + TIJ^2)^1/2 + DJ) / 2 + PE
    Total System Jitter     (TSJ):    0.071ns
    Total Input Jitter      (TIJ):    0.000ns
    Discrete Jitter          (DJ):    0.000ns
    Phase Error              (PE):    0.000ns

    Location             Delay type                Incr(ns)  Path(ns)    Netlist Resource(s)
  -------------------------------------------------------------------    -------------------
                         (clock sys_clk_pin rise edge)
                                                      0.000     0.000 r  
    H16                                               0.000     0.000 r  clk (IN)
                         net (fo=0)                   0.000     0.000    clk
    H16                  IBUF (Prop_ibuf_I_O)         1.451     1.451 r  clk_IBUF_inst/O
                         net (fo=1, routed)           2.522     3.973    clk_IBUF
    BUFGCTRL_X0Y16       BUFG (Prop_bufg_I_O)         0.101     4.074 r  clk_IBUF_BUFG_inst/O
                         net (fo=864, routed)         1.786     5.860    SQRT_MAP/clk_IBUF_BUFG
    SLICE_X103Y97        FDRE                                         r  SQRT_MAP/gen_pipeline[2].ukupni_parovi_pipe_reg[3][22]/C
  -------------------------------------------------------------------    -------------------
    SLICE_X103Y97        FDRE (Prop_fdre_C_Q)         0.456     6.316 r  SQRT_MAP/gen_pipeline[2].ukupni_parovi_pipe_reg[3][22]/Q
                         net (fo=4, routed)           1.095     7.411    SQRT_MAP/gen_pipeline[2].ukupni_parovi_pipe_reg[3]_3[22]
    SLICE_X103Y97        LUT6 (Prop_lut6_I0_O)        0.124     7.535 r  SQRT_MAP/gen_pipeline[3].rem_pipe[4][3]_i_13/O
                         net (fo=1, routed)           0.433     7.968    SQRT_MAP/gen_pipeline[3].rem_pipe[4][3]_i_13_n_0
    SLICE_X103Y97        LUT5 (Prop_lut5_I0_O)        0.124     8.092 r  SQRT_MAP/gen_pipeline[3].rem_pipe[4][3]_i_10/O
                         net (fo=3, routed)           0.454     8.546    SQRT_MAP/gen_pipeline[3].rem_pipe[4][3]_i_10_n_0
    SLICE_X101Y96        LUT5 (Prop_lut5_I4_O)        0.124     8.670 r  SQRT_MAP/gen_pipeline[3].rem_pipe[4][3]_i_3/O
                         net (fo=2, routed)           0.523     9.193    SQRT_MAP/R22_in[1]
    SLICE_X101Y97        CARRY4 (Prop_carry4_DI[0]_CO[3])
                                                      0.526     9.719 r  SQRT_MAP/gen_pipeline[3].root_pipe_reg[4][0]_i_23/CO[3]
                         net (fo=1, routed)           0.000     9.719    SQRT_MAP/gen_pipeline[3].root_pipe_reg[4][0]_i_23_n_0
    SLICE_X101Y98        CARRY4 (Prop_carry4_CI_CO[3])
                                                      0.114     9.833 r  SQRT_MAP/gen_pipeline[3].root_pipe_reg[4][0]_i_14/CO[3]
                         net (fo=1, routed)           0.000     9.833    SQRT_MAP/gen_pipeline[3].root_pipe_reg[4][0]_i_14_n_0
    SLICE_X101Y99        CARRY4 (Prop_carry4_CI_CO[3])
                                                      0.114     9.947 r  SQRT_MAP/gen_pipeline[3].root_pipe_reg[4][0]_i_5/CO[3]
                         net (fo=1, routed)           0.001     9.947    SQRT_MAP/gen_pipeline[3].root_pipe_reg[4][0]_i_5_n_0
    SLICE_X101Y100       CARRY4 (Prop_carry4_CI_CO[3])
                                                      0.114    10.061 r  SQRT_MAP/gen_pipeline[3].root_pipe_reg[4][0]_i_2/CO[3]
                         net (fo=1, routed)           0.000    10.061    SQRT_MAP/gen_pipeline[3].root_pipe_reg[4][0]_i_2_n_0
    SLICE_X101Y101       CARRY4 (Prop_carry4_CI_O[1])
                                                      0.334    10.395 f  SQRT_MAP/gen_pipeline[3].root_pipe_reg[4][0]_i_1/O[1]
                         net (fo=32, routed)          0.753    11.149    SQRT_MAP/gen_pipeline[3].root_pipe_reg[4][0]_i_1_n_6
    SLICE_X99Y98         LUT1 (Prop_lut1_I0_O)        0.303    11.452 r  SQRT_MAP/gen_pipeline[3].rem_pipe[4][3]_i_2/O
                         net (fo=1, routed)           0.337    11.789    SQRT_MAP/gen_pipeline[3].rem_pipe[4][3]_i_2_n_0
    SLICE_X100Y97        CARRY4 (Prop_carry4_CYINIT_CO[3])
                                                      0.595    12.384 r  SQRT_MAP/gen_pipeline[3].rem_pipe_reg[4][3]_i_1/CO[3]
                         net (fo=1, routed)           0.000    12.384    SQRT_MAP/gen_pipeline[3].rem_pipe_reg[4][3]_i_1_n_0
    SLICE_X100Y98        CARRY4 (Prop_carry4_CI_CO[3])
                                                      0.117    12.501 r  SQRT_MAP/gen_pipeline[3].rem_pipe_reg[4][7]_i_1/CO[3]
                         net (fo=1, routed)           0.000    12.501    SQRT_MAP/gen_pipeline[3].rem_pipe_reg[4][7]_i_1_n_0
    SLICE_X100Y99        CARRY4 (Prop_carry4_CI_CO[3])
                                                      0.117    12.618 r  SQRT_MAP/gen_pipeline[3].rem_pipe_reg[4][11]_i_1/CO[3]
                         net (fo=1, routed)           0.001    12.619    SQRT_MAP/gen_pipeline[3].rem_pipe_reg[4][11]_i_1_n_0
    SLICE_X100Y100       CARRY4 (Prop_carry4_CI_CO[3])
                                                      0.117    12.736 r  SQRT_MAP/gen_pipeline[3].rem_pipe_reg[4][15]_i_1/CO[3]
                         net (fo=1, routed)           0.000    12.736    SQRT_MAP/gen_pipeline[3].rem_pipe_reg[4][15]_i_1_n_0
    SLICE_X100Y101       CARRY4 (Prop_carry4_CI_CO[3])
                                                      0.117    12.853 r  SQRT_MAP/gen_pipeline[3].rem_pipe_reg[4][19]_i_1/CO[3]
                         net (fo=1, routed)           0.000    12.853    SQRT_MAP/gen_pipeline[3].rem_pipe_reg[4][19]_i_1_n_0
    SLICE_X100Y102       CARRY4 (Prop_carry4_CI_CO[3])
                                                      0.117    12.970 r  SQRT_MAP/gen_pipeline[3].rem_pipe_reg[4][23]_i_1/CO[3]
                         net (fo=1, routed)           0.000    12.970    SQRT_MAP/gen_pipeline[3].rem_pipe_reg[4][23]_i_1_n_0
    SLICE_X100Y103       CARRY4 (Prop_carry4_CI_CO[3])
                                                      0.117    13.087 r  SQRT_MAP/gen_pipeline[3].rem_pipe_reg[4][27]_i_1/CO[3]
                         net (fo=1, routed)           0.000    13.087    SQRT_MAP/gen_pipeline[3].rem_pipe_reg[4][27]_i_1_n_0
    SLICE_X100Y104       CARRY4 (Prop_carry4_CI_O[3])
                                                      0.315    13.402 r  SQRT_MAP/gen_pipeline[3].rem_pipe_reg[4][31]_i_1/O[3]
                         net (fo=1, routed)           0.000    13.402    SQRT_MAP/gen_pipeline[3].rem_pipe_reg[4][31]_i_1_n_4
    SLICE_X100Y104       FDRE                                         r  SQRT_MAP/gen_pipeline[3].rem_pipe_reg[4][31]/D
  -------------------------------------------------------------------    -------------------

                         (clock sys_clk_pin rise edge)
                                                      8.000     8.000 r  
    H16                                               0.000     8.000 r  clk (IN)
                         net (fo=0)                   0.000     8.000    clk
    H16                  IBUF (Prop_ibuf_I_O)         1.380     9.380 r  clk_IBUF_inst/O
                         net (fo=1, routed)           2.293    11.673    clk_IBUF
    BUFGCTRL_X0Y16       BUFG (Prop_bufg_I_O)         0.091    11.764 r  clk_IBUF_BUFG_inst/O
                         net (fo=864, routed)         1.782    13.547    SQRT_MAP/clk_IBUF_BUFG
    SLICE_X100Y104       FDRE                                         r  SQRT_MAP/gen_pipeline[3].rem_pipe_reg[4][31]/C
                         clock pessimism              0.323    13.870    
                         clock uncertainty           -0.035    13.834    
    SLICE_X100Y104       FDRE (Setup_fdre_C_D)        0.109    13.943    SQRT_MAP/gen_pipeline[3].rem_pipe_reg[4][31]
  -------------------------------------------------------------------
                         required time                         13.943    
                         arrival time                         -13.402    
  -------------------------------------------------------------------
                         slack                                  0.541    

Slack (MET) :             0.595ns  (required time - arrival time)
  Source:                 SQRT_MAP/gen_pipeline[1].ukupni_parovi_pipe_reg[2][29]/C
                            (rising edge-triggered cell FDRE clocked by sys_clk_pin  {rise@0.000ns fall@4.000ns period=8.000ns})
  Destination:            SQRT_MAP/gen_pipeline[2].rem_pipe_reg[3][29]/D
                            (rising edge-triggered cell FDRE clocked by sys_clk_pin  {rise@0.000ns fall@4.000ns period=8.000ns})
  Path Group:             sys_clk_pin
  Path Type:              Setup (Max at Slow Process Corner)
  Requirement:            8.000ns  (sys_clk_pin rise@8.000ns - sys_clk_pin rise@0.000ns)
  Data Path Delay:        7.490ns  (logic 3.965ns (52.941%)  route 3.525ns (47.059%))
  Logic Levels:           16  (CARRY4=13 LUT1=1 LUT4=1 LUT6=1)
  Clock Path Skew:        0.011ns (DCD - SCD + CPR)
    Destination Clock Delay (DCD):    5.548ns = ( 13.548 - 8.000 ) 
    Source Clock Delay      (SCD):    5.860ns
    Clock Pessimism Removal (CPR):    0.323ns
  Clock Uncertainty:      0.035ns  ((TSJ^2 + TIJ^2)^1/2 + DJ) / 2 + PE
    Total System Jitter     (TSJ):    0.071ns
    Total Input Jitter      (TIJ):    0.000ns
    Discrete Jitter          (DJ):    0.000ns
    Phase Error              (PE):    0.000ns

    Location             Delay type                Incr(ns)  Path(ns)    Netlist Resource(s)
  -------------------------------------------------------------------    -------------------
                         (clock sys_clk_pin rise edge)
                                                      0.000     0.000 r  
    H16                                               0.000     0.000 r  clk (IN)
                         net (fo=0)                   0.000     0.000    clk
    H16                  IBUF (Prop_ibuf_I_O)         1.451     1.451 r  clk_IBUF_inst/O
                         net (fo=1, routed)           2.522     3.973    clk_IBUF
    BUFGCTRL_X0Y16       BUFG (Prop_bufg_I_O)         0.101     4.074 r  clk_IBUF_BUFG_inst/O
                         net (fo=864, routed)         1.786     5.860    SQRT_MAP/clk_IBUF_BUFG
    SLICE_X105Y99        FDRE                                         r  SQRT_MAP/gen_pipeline[1].ukupni_parovi_pipe_reg[2][29]/C
  -------------------------------------------------------------------    -------------------
    SLICE_X105Y99        FDRE (Prop_fdre_C_Q)         0.419     6.279 r  SQRT_MAP/gen_pipeline[1].ukupni_parovi_pipe_reg[2][29]/Q
                         net (fo=4, routed)           0.839     7.118    SQRT_MAP/gen_pipeline[1].ukupni_parovi_pipe_reg[2]_2[29]
    SLICE_X105Y99        LUT4 (Prop_lut4_I0_O)        0.297     7.415 r  SQRT_MAP/gen_pipeline[2].rem_pipe[3][3]_i_9/O
                         net (fo=2, routed)           0.886     8.301    SQRT_MAP/gen_pipeline[2].rem_pipe[3][3]_i_9_n_0
    SLICE_X99Y98         LUT6 (Prop_lut6_I1_O)        0.124     8.425 r  SQRT_MAP/gen_pipeline[2].rem_pipe[3][3]_i_3/O
                         net (fo=3, routed)           0.722     9.147    SQRT_MAP/R24_in[1]
    SLICE_X103Y99        CARRY4 (Prop_carry4_DI[0]_CO[3])
                                                      0.526     9.673 r  SQRT_MAP/gen_pipeline[2].root_pipe_reg[3][0]_i_23/CO[3]
                         net (fo=1, routed)           0.001     9.674    SQRT_MAP/gen_pipeline[2].root_pipe_reg[3][0]_i_23_n_0
    SLICE_X103Y100       CARRY4 (Prop_carry4_CI_CO[3])
                                                      0.114     9.788 r  SQRT_MAP/gen_pipeline[2].root_pipe_reg[3][0]_i_14/CO[3]
                         net (fo=1, routed)           0.000     9.788    SQRT_MAP/gen_pipeline[2].root_pipe_reg[3][0]_i_14_n_0
    SLICE_X103Y101       CARRY4 (Prop_carry4_CI_CO[3])
                                                      0.114     9.902 r  SQRT_MAP/gen_pipeline[2].root_pipe_reg[3][0]_i_5/CO[3]
                         net (fo=1, routed)           0.000     9.902    SQRT_MAP/gen_pipeline[2].root_pipe_reg[3][0]_i_5_n_0
    SLICE_X103Y102       CARRY4 (Prop_carry4_CI_CO[3])
                                                      0.114    10.016 r  SQRT_MAP/gen_pipeline[2].root_pipe_reg[3][0]_i_2/CO[3]
                         net (fo=1, routed)           0.000    10.016    SQRT_MAP/gen_pipeline[2].root_pipe_reg[3][0]_i_2_n_0
    SLICE_X103Y103       CARRY4 (Prop_carry4_CI_O[1])
                                                      0.334    10.350 f  SQRT_MAP/gen_pipeline[2].root_pipe_reg[3][0]_i_1/O[1]
                         net (fo=32, routed)          0.886    11.236    SQRT_MAP/gen_pipeline[2].root_pipe_reg[3][0]_i_1_n_6
    SLICE_X103Y96        LUT1 (Prop_lut1_I0_O)        0.303    11.539 r  SQRT_MAP/gen_pipeline[2].rem_pipe[3][3]_i_2/O
                         net (fo=1, routed)           0.189    11.728    SQRT_MAP/gen_pipeline[2].rem_pipe[3][3]_i_2_n_0
    SLICE_X102Y96        CARRY4 (Prop_carry4_CYINIT_CO[3])
                                                      0.595    12.323 r  SQRT_MAP/gen_pipeline[2].rem_pipe_reg[3][3]_i_1/CO[3]
                         net (fo=1, routed)           0.000    12.323    SQRT_MAP/gen_pipeline[2].rem_pipe_reg[3][3]_i_1_n_0
    SLICE_X102Y97        CARRY4 (Prop_carry4_CI_CO[3])
                                                      0.117    12.440 r  SQRT_MAP/gen_pipeline[2].rem_pipe_reg[3][7]_i_1/CO[3]
                         net (fo=1, routed)           0.000    12.440    SQRT_MAP/gen_pipeline[2].rem_pipe_reg[3][7]_i_1_n_0
    SLICE_X102Y98        CARRY4 (Prop_carry4_CI_CO[3])
                                                      0.117    12.557 r  SQRT_MAP/gen_pipeline[2].rem_pipe_reg[3][11]_i_1/CO[3]
                         net (fo=1, routed)           0.000    12.557    SQRT_MAP/gen_pipeline[2].rem_pipe_reg[3][11]_i_1_n_0
    SLICE_X102Y99        CARRY4 (Prop_carry4_CI_CO[3])
                                                      0.117    12.674 r  SQRT_MAP/gen_pipeline[2].rem_pipe_reg[3][15]_i_1/CO[3]
                         net (fo=1, routed)           0.001    12.675    SQRT_MAP/gen_pipeline[2].rem_pipe_reg[3][15]_i_1_n_0
    SLICE_X102Y100       CARRY4 (Prop_carry4_CI_CO[3])
                                                      0.117    12.792 r  SQRT_MAP/gen_pipeline[2].rem_pipe_reg[3][19]_i_1/CO[3]
                         net (fo=1, routed)           0.000    12.792    SQRT_MAP/gen_pipeline[2].rem_pipe_reg[3][19]_i_1_n_0
    SLICE_X102Y101       CARRY4 (Prop_carry4_CI_CO[3])
                                                      0.117    12.909 r  SQRT_MAP/gen_pipeline[2].rem_pipe_reg[3][23]_i_1/CO[3]
                         net (fo=1, routed)           0.000    12.909    SQRT_MAP/gen_pipeline[2].rem_pipe_reg[3][23]_i_1_n_0
    SLICE_X102Y102       CARRY4 (Prop_carry4_CI_CO[3])
                                                      0.117    13.026 r  SQRT_MAP/gen_pipeline[2].rem_pipe_reg[3][27]_i_1/CO[3]
                         net (fo=1, routed)           0.000    13.026    SQRT_MAP/gen_pipeline[2].rem_pipe_reg[3][27]_i_1_n_0
    SLICE_X102Y103       CARRY4 (Prop_carry4_CI_O[1])
                                                      0.323    13.349 r  SQRT_MAP/gen_pipeline[2].rem_pipe_reg[3][31]_i_1/O[1]
                         net (fo=1, routed)           0.000    13.349    SQRT_MAP/gen_pipeline[2].rem_pipe_reg[3][31]_i_1_n_6
    SLICE_X102Y103       FDRE                                         r  SQRT_MAP/gen_pipeline[2].rem_pipe_reg[3][29]/D
  -------------------------------------------------------------------    -------------------

                         (clock sys_clk_pin rise edge)
                                                      8.000     8.000 r  
    H16                                               0.000     8.000 r  clk (IN)
                         net (fo=0)                   0.000     8.000    clk
    H16                  IBUF (Prop_ibuf_I_O)         1.380     9.380 r  clk_IBUF_inst/O
                         net (fo=1, routed)           2.293    11.673    clk_IBUF
    BUFGCTRL_X0Y16       BUFG (Prop_bufg_I_O)         0.091    11.764 r  clk_IBUF_BUFG_inst/O
                         net (fo=864, routed)         1.783    13.548    SQRT_MAP/clk_IBUF_BUFG
    SLICE_X102Y103       FDRE                                         r  SQRT_MAP/gen_pipeline[2].rem_pipe_reg[3][29]/C
                         clock pessimism              0.323    13.871    
                         clock uncertainty           -0.035    13.835    
    SLICE_X102Y103       FDRE (Setup_fdre_C_D)        0.109    13.944    SQRT_MAP/gen_pipeline[2].rem_pipe_reg[3][29]
  -------------------------------------------------------------------
                         required time                         13.944    
                         arrival time                         -13.349    
  -------------------------------------------------------------------
                         slack                                  0.595    

Slack (MET) :             0.601ns  (required time - arrival time)
  Source:                 SQRT_MAP/gen_pipeline[5].idx_pipe_reg[6][3]/C
                            (rising edge-triggered cell FDRE clocked by sys_clk_pin  {rise@0.000ns fall@4.000ns period=8.000ns})
  Destination:            SQRT_MAP/gen_pipeline[6].rem_pipe_reg[7][30]/D
                            (rising edge-triggered cell FDRE clocked by sys_clk_pin  {rise@0.000ns fall@4.000ns period=8.000ns})
  Path Group:             sys_clk_pin
  Path Type:              Setup (Max at Slow Process Corner)
  Requirement:            8.000ns  (sys_clk_pin rise@8.000ns - sys_clk_pin rise@0.000ns)
  Data Path Delay:        7.398ns  (logic 3.923ns (53.031%)  route 3.474ns (46.969%))
  Logic Levels:           17  (CARRY4=13 LUT1=1 LUT5=2 LUT6=1)
  Clock Path Skew:        -0.028ns (DCD - SCD + CPR)
    Destination Clock Delay (DCD):    5.545ns = ( 13.545 - 8.000 ) 
    Source Clock Delay      (SCD):    6.051ns
    Clock Pessimism Removal (CPR):    0.478ns
  Clock Uncertainty:      0.035ns  ((TSJ^2 + TIJ^2)^1/2 + DJ) / 2 + PE
    Total System Jitter     (TSJ):    0.071ns
    Total Input Jitter      (TIJ):    0.000ns
    Discrete Jitter          (DJ):    0.000ns
    Phase Error              (PE):    0.000ns

    Location             Delay type                Incr(ns)  Path(ns)    Netlist Resource(s)
  -------------------------------------------------------------------    -------------------
                         (clock sys_clk_pin rise edge)
                                                      0.000     0.000 r  
    H16                                               0.000     0.000 r  clk (IN)
                         net (fo=0)                   0.000     0.000    clk
    H16                  IBUF (Prop_ibuf_I_O)         1.451     1.451 r  clk_IBUF_inst/O
                         net (fo=1, routed)           2.522     3.973    clk_IBUF
    BUFGCTRL_X0Y16       BUFG (Prop_bufg_I_O)         0.101     4.074 r  clk_IBUF_BUFG_inst/O
                         net (fo=864, routed)         1.977     6.051    SQRT_MAP/clk_IBUF_BUFG
    SLICE_X94Y100        FDRE                                         r  SQRT_MAP/gen_pipeline[5].idx_pipe_reg[6][3]/C
  -------------------------------------------------------------------    -------------------
    SLICE_X94Y100        FDRE (Prop_fdre_C_Q)         0.518     6.569 r  SQRT_MAP/gen_pipeline[5].idx_pipe_reg[6][3]/Q
                         net (fo=18, routed)          1.051     7.619    SQRT_MAP/gen_pipeline[5].idx_pipe_reg_n_0_[6][3]
    SLICE_X94Y102        LUT6 (Prop_lut6_I3_O)        0.124     7.743 r  SQRT_MAP/gen_pipeline[6].rem_pipe[7][3]_i_13/O
                         net (fo=1, routed)           0.670     8.414    SQRT_MAP/gen_pipeline[6].rem_pipe[7][3]_i_13_n_0
    SLICE_X94Y102        LUT5 (Prop_lut5_I0_O)        0.124     8.538 r  SQRT_MAP/gen_pipeline[6].rem_pipe[7][3]_i_10/O
                         net (fo=3, routed)           0.173     8.710    SQRT_MAP/gen_pipeline[6].rem_pipe[7][3]_i_10_n_0
    SLICE_X94Y102        LUT5 (Prop_lut5_I4_O)        0.124     8.834 r  SQRT_MAP/gen_pipeline[6].rem_pipe[7][3]_i_3/O
                         net (fo=2, routed)           0.475     9.310    SQRT_MAP/R16_in[1]
    SLICE_X96Y101        CARRY4 (Prop_carry4_DI[0]_CO[3])
                                                      0.550     9.860 r  SQRT_MAP/gen_pipeline[6].root_pipe_reg[7][0]_i_23/CO[3]
                         net (fo=1, routed)           0.000     9.860    SQRT_MAP/gen_pipeline[6].root_pipe_reg[7][0]_i_23_n_0
    SLICE_X96Y102        CARRY4 (Prop_carry4_CI_CO[3])
                                                      0.117     9.977 r  SQRT_MAP/gen_pipeline[6].root_pipe_reg[7][0]_i_14/CO[3]
                         net (fo=1, routed)           0.000     9.977    SQRT_MAP/gen_pipeline[6].root_pipe_reg[7][0]_i_14_n_0
    SLICE_X96Y103        CARRY4 (Prop_carry4_CI_CO[3])
                                                      0.117    10.094 r  SQRT_MAP/gen_pipeline[6].root_pipe_reg[7][0]_i_5/CO[3]
                         net (fo=1, routed)           0.000    10.094    SQRT_MAP/gen_pipeline[6].root_pipe_reg[7][0]_i_5_n_0
    SLICE_X96Y104        CARRY4 (Prop_carry4_CI_CO[3])
                                                      0.117    10.211 r  SQRT_MAP/gen_pipeline[6].root_pipe_reg[7][0]_i_2/CO[3]
                         net (fo=1, routed)           0.000    10.211    SQRT_MAP/gen_pipeline[6].root_pipe_reg[7][0]_i_2_n_0
    SLICE_X96Y105        CARRY4 (Prop_carry4_CI_O[1])
                                                      0.323    10.534 f  SQRT_MAP/gen_pipeline[6].root_pipe_reg[7][0]_i_1/O[1]
                         net (fo=32, routed)          0.618    11.151    SQRT_MAP/gen_pipeline[6].root_pipe_reg[7][0]_i_1_n_6
    SLICE_X98Y104        LUT1 (Prop_lut1_I0_O)        0.306    11.457 r  SQRT_MAP/gen_pipeline[6].rem_pipe[7][3]_i_2/O
                         net (fo=1, routed)           0.488    11.945    SQRT_MAP/gen_pipeline[6].rem_pipe[7][3]_i_2_n_0
    SLICE_X95Y102        CARRY4 (Prop_carry4_CYINIT_CO[3])
                                                      0.580    12.525 r  SQRT_MAP/gen_pipeline[6].rem_pipe_reg[7][3]_i_1/CO[3]
                         net (fo=1, routed)           0.000    12.525    SQRT_MAP/gen_pipeline[6].rem_pipe_reg[7][3]_i_1_n_0
    SLICE_X95Y103        CARRY4 (Prop_carry4_CI_CO[3])
                                                      0.114    12.639 r  SQRT_MAP/gen_pipeline[6].rem_pipe_reg[7][7]_i_1/CO[3]
                         net (fo=1, routed)           0.000    12.639    SQRT_MAP/gen_pipeline[6].rem_pipe_reg[7][7]_i_1_n_0
    SLICE_X95Y104        CARRY4 (Prop_carry4_CI_CO[3])
                                                      0.114    12.753 r  SQRT_MAP/gen_pipeline[6].rem_pipe_reg[7][11]_i_1/CO[3]
                         net (fo=1, routed)           0.000    12.753    SQRT_MAP/gen_pipeline[6].rem_pipe_reg[7][11]_i_1_n_0
    SLICE_X95Y105        CARRY4 (Prop_carry4_CI_CO[3])
                                                      0.114    12.867 r  SQRT_MAP/gen_pipeline[6].rem_pipe_reg[7][15]_i_1/CO[3]
                         net (fo=1, routed)           0.000    12.867    SQRT_MAP/gen_pipeline[6].rem_pipe_reg[7][15]_i_1_n_0
    SLICE_X95Y106        CARRY4 (Prop_carry4_CI_CO[3])
                                                      0.114    12.981 r  SQRT_MAP/gen_pipeline[6].rem_pipe_reg[7][19]_i_1/CO[3]
                         net (fo=1, routed)           0.000    12.981    SQRT_MAP/gen_pipeline[6].rem_pipe_reg[7][19]_i_1_n_0
    SLICE_X95Y107        CARRY4 (Prop_carry4_CI_CO[3])
                                                      0.114    13.095 r  SQRT_MAP/gen_pipeline[6].rem_pipe_reg[7][23]_i_1/CO[3]
                         net (fo=1, routed)           0.000    13.095    SQRT_MAP/gen_pipeline[6].rem_pipe_reg[7][23]_i_1_n_0
    SLICE_X95Y108        CARRY4 (Prop_carry4_CI_CO[3])
                                                      0.114    13.209 r  SQRT_MAP/gen_pipeline[6].rem_pipe_reg[7][27]_i_1/CO[3]
                         net (fo=1, routed)           0.000    13.209    SQRT_MAP/gen_pipeline[6].rem_pipe_reg[7][27]_i_1_n_0
    SLICE_X95Y109        CARRY4 (Prop_carry4_CI_O[2])
                                                      0.239    13.448 r  SQRT_MAP/gen_pipeline[6].rem_pipe_reg[7][31]_i_1/O[2]
                         net (fo=1, routed)           0.000    13.448    SQRT_MAP/gen_pipeline[6].rem_pipe_reg[7][31]_i_1_n_5
    SLICE_X95Y109        FDRE                                         r  SQRT_MAP/gen_pipeline[6].rem_pipe_reg[7][30]/D
  -------------------------------------------------------------------    -------------------

                         (clock sys_clk_pin rise edge)
                                                      8.000     8.000 r  
    H16                                               0.000     8.000 r  clk (IN)
                         net (fo=0)                   0.000     8.000    clk
    H16                  IBUF (Prop_ibuf_I_O)         1.380     9.380 r  clk_IBUF_inst/O
                         net (fo=1, routed)           2.293    11.673    clk_IBUF
    BUFGCTRL_X0Y16       BUFG (Prop_bufg_I_O)         0.091    11.764 r  clk_IBUF_BUFG_inst/O
                         net (fo=864, routed)         1.780    13.545    SQRT_MAP/clk_IBUF_BUFG
    SLICE_X95Y109        FDRE                                         r  SQRT_MAP/gen_pipeline[6].rem_pipe_reg[7][30]/C
                         clock pessimism              0.478    14.023    
                         clock uncertainty           -0.035    13.987    
    SLICE_X95Y109        FDRE (Setup_fdre_C_D)        0.062    14.049    SQRT_MAP/gen_pipeline[6].rem_pipe_reg[7][30]
  -------------------------------------------------------------------
                         required time                         14.049    
                         arrival time                         -13.448    
  -------------------------------------------------------------------
                         slack                                  0.601    

Slack (MET) :             0.603ns  (required time - arrival time)
  Source:                 SQRT_MAP/gen_pipeline[1].ukupni_parovi_pipe_reg[2][29]/C
                            (rising edge-triggered cell FDRE clocked by sys_clk_pin  {rise@0.000ns fall@4.000ns period=8.000ns})
  Destination:            SQRT_MAP/gen_pipeline[2].rem_pipe_reg[3][31]/D
                            (rising edge-triggered cell FDRE clocked by sys_clk_pin  {rise@0.000ns fall@4.000ns period=8.000ns})
  Path Group:             sys_clk_pin
  Path Type:              Setup (Max at Slow Process Corner)
  Requirement:            8.000ns  (sys_clk_pin rise@8.000ns - sys_clk_pin rise@0.000ns)
  Data Path Delay:        7.482ns  (logic 3.957ns (52.890%)  route 3.525ns (47.110%))
  Logic Levels:           16  (CARRY4=13 LUT1=1 LUT4=1 LUT6=1)
  Clock Path Skew:        0.011ns (DCD - SCD + CPR)
    Destination Clock Delay (DCD):    5.548ns = ( 13.548 - 8.000 ) 
    Source Clock Delay      (SCD):    5.860ns
    Clock Pessimism Removal (CPR):    0.323ns
  Clock Uncertainty:      0.035ns  ((TSJ^2 + TIJ^2)^1/2 + DJ) / 2 + PE
    Total System Jitter     (TSJ):    0.071ns
    Total Input Jitter      (TIJ):    0.000ns
    Discrete Jitter          (DJ):    0.000ns
    Phase Error              (PE):    0.000ns

    Location             Delay type                Incr(ns)  Path(ns)    Netlist Resource(s)
  -------------------------------------------------------------------    -------------------
                         (clock sys_clk_pin rise edge)
                                                      0.000     0.000 r  
    H16                                               0.000     0.000 r  clk (IN)
                         net (fo=0)                   0.000     0.000    clk
    H16                  IBUF (Prop_ibuf_I_O)         1.451     1.451 r  clk_IBUF_inst/O
                         net (fo=1, routed)           2.522     3.973    clk_IBUF
    BUFGCTRL_X0Y16       BUFG (Prop_bufg_I_O)         0.101     4.074 r  clk_IBUF_BUFG_inst/O
                         net (fo=864, routed)         1.786     5.860    SQRT_MAP/clk_IBUF_BUFG
    SLICE_X105Y99        FDRE                                         r  SQRT_MAP/gen_pipeline[1].ukupni_parovi_pipe_reg[2][29]/C
  -------------------------------------------------------------------    -------------------
    SLICE_X105Y99        FDRE (Prop_fdre_C_Q)         0.419     6.279 r  SQRT_MAP/gen_pipeline[1].ukupni_parovi_pipe_reg[2][29]/Q
                         net (fo=4, routed)           0.839     7.118    SQRT_MAP/gen_pipeline[1].ukupni_parovi_pipe_reg[2]_2[29]
    SLICE_X105Y99        LUT4 (Prop_lut4_I0_O)        0.297     7.415 r  SQRT_MAP/gen_pipeline[2].rem_pipe[3][3]_i_9/O
                         net (fo=2, routed)           0.886     8.301    SQRT_MAP/gen_pipeline[2].rem_pipe[3][3]_i_9_n_0
    SLICE_X99Y98         LUT6 (Prop_lut6_I1_O)        0.124     8.425 r  SQRT_MAP/gen_pipeline[2].rem_pipe[3][3]_i_3/O
                         net (fo=3, routed)           0.722     9.147    SQRT_MAP/R24_in[1]
    SLICE_X103Y99        CARRY4 (Prop_carry4_DI[0]_CO[3])
                                                      0.526     9.673 r  SQRT_MAP/gen_pipeline[2].root_pipe_reg[3][0]_i_23/CO[3]
                         net (fo=1, routed)           0.001     9.674    SQRT_MAP/gen_pipeline[2].root_pipe_reg[3][0]_i_23_n_0
    SLICE_X103Y100       CARRY4 (Prop_carry4_CI_CO[3])
                                                      0.114     9.788 r  SQRT_MAP/gen_pipeline[2].root_pipe_reg[3][0]_i_14/CO[3]
                         net (fo=1, routed)           0.000     9.788    SQRT_MAP/gen_pipeline[2].root_pipe_reg[3][0]_i_14_n_0
    SLICE_X103Y101       CARRY4 (Prop_carry4_CI_CO[3])
                                                      0.114     9.902 r  SQRT_MAP/gen_pipeline[2].root_pipe_reg[3][0]_i_5/CO[3]
                         net (fo=1, routed)           0.000     9.902    SQRT_MAP/gen_pipeline[2].root_pipe_reg[3][0]_i_5_n_0
    SLICE_X103Y102       CARRY4 (Prop_carry4_CI_CO[3])
                                                      0.114    10.016 r  SQRT_MAP/gen_pipeline[2].root_pipe_reg[3][0]_i_2/CO[3]
                         net (fo=1, routed)           0.000    10.016    SQRT_MAP/gen_pipeline[2].root_pipe_reg[3][0]_i_2_n_0
    SLICE_X103Y103       CARRY4 (Prop_carry4_CI_O[1])
                                                      0.334    10.350 f  SQRT_MAP/gen_pipeline[2].root_pipe_reg[3][0]_i_1/O[1]
                         net (fo=32, routed)          0.886    11.236    SQRT_MAP/gen_pipeline[2].root_pipe_reg[3][0]_i_1_n_6
    SLICE_X103Y96        LUT1 (Prop_lut1_I0_O)        0.303    11.539 r  SQRT_MAP/gen_pipeline[2].rem_pipe[3][3]_i_2/O
                         net (fo=1, routed)           0.189    11.728    SQRT_MAP/gen_pipeline[2].rem_pipe[3][3]_i_2_n_0
    SLICE_X102Y96        CARRY4 (Prop_carry4_CYINIT_CO[3])
                                                      0.595    12.323 r  SQRT_MAP/gen_pipeline[2].rem_pipe_reg[3][3]_i_1/CO[3]
                         net (fo=1, routed)           0.000    12.323    SQRT_MAP/gen_pipeline[2].rem_pipe_reg[3][3]_i_1_n_0
    SLICE_X102Y97        CARRY4 (Prop_carry4_CI_CO[3])
                                                      0.117    12.440 r  SQRT_MAP/gen_pipeline[2].rem_pipe_reg[3][7]_i_1/CO[3]
                         net (fo=1, routed)           0.000    12.440    SQRT_MAP/gen_pipeline[2].rem_pipe_reg[3][7]_i_1_n_0
    SLICE_X102Y98        CARRY4 (Prop_carry4_CI_CO[3])
                                                      0.117    12.557 r  SQRT_MAP/gen_pipeline[2].rem_pipe_reg[3][11]_i_1/CO[3]
                         net (fo=1, routed)           0.000    12.557    SQRT_MAP/gen_pipeline[2].rem_pipe_reg[3][11]_i_1_n_0
    SLICE_X102Y99        CARRY4 (Prop_carry4_CI_CO[3])
                                                      0.117    12.674 r  SQRT_MAP/gen_pipeline[2].rem_pipe_reg[3][15]_i_1/CO[3]
                         net (fo=1, routed)           0.001    12.675    SQRT_MAP/gen_pipeline[2].rem_pipe_reg[3][15]_i_1_n_0
    SLICE_X102Y100       CARRY4 (Prop_carry4_CI_CO[3])
                                                      0.117    12.792 r  SQRT_MAP/gen_pipeline[2].rem_pipe_reg[3][19]_i_1/CO[3]
                         net (fo=1, routed)           0.000    12.792    SQRT_MAP/gen_pipeline[2].rem_pipe_reg[3][19]_i_1_n_0
    SLICE_X102Y101       CARRY4 (Prop_carry4_CI_CO[3])
                                                      0.117    12.909 r  SQRT_MAP/gen_pipeline[2].rem_pipe_reg[3][23]_i_1/CO[3]
                         net (fo=1, routed)           0.000    12.909    SQRT_MAP/gen_pipeline[2].rem_pipe_reg[3][23]_i_1_n_0
    SLICE_X102Y102       CARRY4 (Prop_carry4_CI_CO[3])
                                                      0.117    13.026 r  SQRT_MAP/gen_pipeline[2].rem_pipe_reg[3][27]_i_1/CO[3]
                         net (fo=1, routed)           0.000    13.026    SQRT_MAP/gen_pipeline[2].rem_pipe_reg[3][27]_i_1_n_0
    SLICE_X102Y103       CARRY4 (Prop_carry4_CI_O[3])
                                                      0.315    13.341 r  SQRT_MAP/gen_pipeline[2].rem_pipe_reg[3][31]_i_1/O[3]
                         net (fo=1, routed)           0.000    13.341    SQRT_MAP/gen_pipeline[2].rem_pipe_reg[3][31]_i_1_n_4
    SLICE_X102Y103       FDRE                                         r  SQRT_MAP/gen_pipeline[2].rem_pipe_reg[3][31]/D
  -------------------------------------------------------------------    -------------------

                         (clock sys_clk_pin rise edge)
                                                      8.000     8.000 r  
    H16                                               0.000     8.000 r  clk (IN)
                         net (fo=0)                   0.000     8.000    clk
    H16                  IBUF (Prop_ibuf_I_O)         1.380     9.380 r  clk_IBUF_inst/O
                         net (fo=1, routed)           2.293    11.673    clk_IBUF
    BUFGCTRL_X0Y16       BUFG (Prop_bufg_I_O)         0.091    11.764 r  clk_IBUF_BUFG_inst/O
                         net (fo=864, routed)         1.783    13.548    SQRT_MAP/clk_IBUF_BUFG
    SLICE_X102Y103       FDRE                                         r  SQRT_MAP/gen_pipeline[2].rem_pipe_reg[3][31]/C
                         clock pessimism              0.323    13.871    
                         clock uncertainty           -0.035    13.835    
    SLICE_X102Y103       FDRE (Setup_fdre_C_D)        0.109    13.944    SQRT_MAP/gen_pipeline[2].rem_pipe_reg[3][31]
  -------------------------------------------------------------------
                         required time                         13.944    
                         arrival time                         -13.341    
  -------------------------------------------------------------------
                         slack                                  0.603    

Slack (MET) :             0.617ns  (required time - arrival time)
  Source:                 SQRT_MAP/gen_pipeline[5].idx_pipe_reg[6][3]/C
                            (rising edge-triggered cell FDRE clocked by sys_clk_pin  {rise@0.000ns fall@4.000ns period=8.000ns})
  Destination:            SQRT_MAP/gen_pipeline[6].rem_pipe_reg[7][28]/D
                            (rising edge-triggered cell FDRE clocked by sys_clk_pin  {rise@0.000ns fall@4.000ns period=8.000ns})
  Path Group:             sys_clk_pin
  Path Type:              Setup (Max at Slow Process Corner)
  Requirement:            8.000ns  (sys_clk_pin rise@8.000ns - sys_clk_pin rise@0.000ns)
  Data Path Delay:        7.382ns  (logic 3.907ns (52.930%)  route 3.474ns (47.070%))
  Logic Levels:           17  (CARRY4=13 LUT1=1 LUT5=2 LUT6=1)
  Clock Path Skew:        -0.028ns (DCD - SCD + CPR)
    Destination Clock Delay (DCD):    5.545ns = ( 13.545 - 8.000 ) 
    Source Clock Delay      (SCD):    6.051ns
    Clock Pessimism Removal (CPR):    0.478ns
  Clock Uncertainty:      0.035ns  ((TSJ^2 + TIJ^2)^1/2 + DJ) / 2 + PE
    Total System Jitter     (TSJ):    0.071ns
    Total Input Jitter      (TIJ):    0.000ns
    Discrete Jitter          (DJ):    0.000ns
    Phase Error              (PE):    0.000ns

    Location             Delay type                Incr(ns)  Path(ns)    Netlist Resource(s)
  -------------------------------------------------------------------    -------------------
                         (clock sys_clk_pin rise edge)
                                                      0.000     0.000 r  
    H16                                               0.000     0.000 r  clk (IN)
                         net (fo=0)                   0.000     0.000    clk
    H16                  IBUF (Prop_ibuf_I_O)         1.451     1.451 r  clk_IBUF_inst/O
                         net (fo=1, routed)           2.522     3.973    clk_IBUF
    BUFGCTRL_X0Y16       BUFG (Prop_bufg_I_O)         0.101     4.074 r  clk_IBUF_BUFG_inst/O
                         net (fo=864, routed)         1.977     6.051    SQRT_MAP/clk_IBUF_BUFG
    SLICE_X94Y100        FDRE                                         r  SQRT_MAP/gen_pipeline[5].idx_pipe_reg[6][3]/C
  -------------------------------------------------------------------    -------------------
    SLICE_X94Y100        FDRE (Prop_fdre_C_Q)         0.518     6.569 r  SQRT_MAP/gen_pipeline[5].idx_pipe_reg[6][3]/Q
                         net (fo=18, routed)          1.051     7.619    SQRT_MAP/gen_pipeline[5].idx_pipe_reg_n_0_[6][3]
    SLICE_X94Y102        LUT6 (Prop_lut6_I3_O)        0.124     7.743 r  SQRT_MAP/gen_pipeline[6].rem_pipe[7][3]_i_13/O
                         net (fo=1, routed)           0.670     8.414    SQRT_MAP/gen_pipeline[6].rem_pipe[7][3]_i_13_n_0
    SLICE_X94Y102        LUT5 (Prop_lut5_I0_O)        0.124     8.538 r  SQRT_MAP/gen_pipeline[6].rem_pipe[7][3]_i_10/O
                         net (fo=3, routed)           0.173     8.710    SQRT_MAP/gen_pipeline[6].rem_pipe[7][3]_i_10_n_0
    SLICE_X94Y102        LUT5 (Prop_lut5_I4_O)        0.124     8.834 r  SQRT_MAP/gen_pipeline[6].rem_pipe[7][3]_i_3/O
                         net (fo=2, routed)           0.475     9.310    SQRT_MAP/R16_in[1]
    SLICE_X96Y101        CARRY4 (Prop_carry4_DI[0]_CO[3])
                                                      0.550     9.860 r  SQRT_MAP/gen_pipeline[6].root_pipe_reg[7][0]_i_23/CO[3]
                         net (fo=1, routed)           0.000     9.860    SQRT_MAP/gen_pipeline[6].root_pipe_reg[7][0]_i_23_n_0
    SLICE_X96Y102        CARRY4 (Prop_carry4_CI_CO[3])
                                                      0.117     9.977 r  SQRT_MAP/gen_pipeline[6].root_pipe_reg[7][0]_i_14/CO[3]
                         net (fo=1, routed)           0.000     9.977    SQRT_MAP/gen_pipeline[6].root_pipe_reg[7][0]_i_14_n_0
    SLICE_X96Y103        CARRY4 (Prop_carry4_CI_CO[3])
                                                      0.117    10.094 r  SQRT_MAP/gen_pipeline[6].root_pipe_reg[7][0]_i_5/CO[3]
                         net (fo=1, routed)           0.000    10.094    SQRT_MAP/gen_pipeline[6].root_pipe_reg[7][0]_i_5_n_0
    SLICE_X96Y104        CARRY4 (Prop_carry4_CI_CO[3])
                                                      0.117    10.211 r  SQRT_MAP/gen_pipeline[6].root_pipe_reg[7][0]_i_2/CO[3]
                         net (fo=1, routed)           0.000    10.211    SQRT_MAP/gen_pipeline[6].root_pipe_reg[7][0]_i_2_n_0
    SLICE_X96Y105        CARRY4 (Prop_carry4_CI_O[1])
                                                      0.323    10.534 f  SQRT_MAP/gen_pipeline[6].root_pipe_reg[7][0]_i_1/O[1]
                         net (fo=32, routed)          0.618    11.151    SQRT_MAP/gen_pipeline[6].root_pipe_reg[7][0]_i_1_n_6
    SLICE_X98Y104        LUT1 (Prop_lut1_I0_O)        0.306    11.457 r  SQRT_MAP/gen_pipeline[6].rem_pipe[7][3]_i_2/O
                         net (fo=1, routed)           0.488    11.945    SQRT_MAP/gen_pipeline[6].rem_pipe[7][3]_i_2_n_0
    SLICE_X95Y102        CARRY4 (Prop_carry4_CYINIT_CO[3])
                                                      0.580    12.525 r  SQRT_MAP/gen_pipeline[6].rem_pipe_reg[7][3]_i_1/CO[3]
                         net (fo=1, routed)           0.000    12.525    SQRT_MAP/gen_pipeline[6].rem_pipe_reg[7][3]_i_1_n_0
    SLICE_X95Y103        CARRY4 (Prop_carry4_CI_CO[3])
                                                      0.114    12.639 r  SQRT_MAP/gen_pipeline[6].rem_pipe_reg[7][7]_i_1/CO[3]
                         net (fo=1, routed)           0.000    12.639    SQRT_MAP/gen_pipeline[6].rem_pipe_reg[7][7]_i_1_n_0
    SLICE_X95Y104        CARRY4 (Prop_carry4_CI_CO[3])
                                                      0.114    12.753 r  SQRT_MAP/gen_pipeline[6].rem_pipe_reg[7][11]_i_1/CO[3]
                         net (fo=1, routed)           0.000    12.753    SQRT_MAP/gen_pipeline[6].rem_pipe_reg[7][11]_i_1_n_0
    SLICE_X95Y105        CARRY4 (Prop_carry4_CI_CO[3])
                                                      0.114    12.867 r  SQRT_MAP/gen_pipeline[6].rem_pipe_reg[7][15]_i_1/CO[3]
                         net (fo=1, routed)           0.000    12.867    SQRT_MAP/gen_pipeline[6].rem_pipe_reg[7][15]_i_1_n_0
    SLICE_X95Y106        CARRY4 (Prop_carry4_CI_CO[3])
                                                      0.114    12.981 r  SQRT_MAP/gen_pipeline[6].rem_pipe_reg[7][19]_i_1/CO[3]
                         net (fo=1, routed)           0.000    12.981    SQRT_MAP/gen_pipeline[6].rem_pipe_reg[7][19]_i_1_n_0
    SLICE_X95Y107        CARRY4 (Prop_carry4_CI_CO[3])
                                                      0.114    13.095 r  SQRT_MAP/gen_pipeline[6].rem_pipe_reg[7][23]_i_1/CO[3]
                         net (fo=1, routed)           0.000    13.095    SQRT_MAP/gen_pipeline[6].rem_pipe_reg[7][23]_i_1_n_0
    SLICE_X95Y108        CARRY4 (Prop_carry4_CI_CO[3])
                                                      0.114    13.209 r  SQRT_MAP/gen_pipeline[6].rem_pipe_reg[7][27]_i_1/CO[3]
                         net (fo=1, routed)           0.000    13.209    SQRT_MAP/gen_pipeline[6].rem_pipe_reg[7][27]_i_1_n_0
    SLICE_X95Y109        CARRY4 (Prop_carry4_CI_O[0])
                                                      0.223    13.432 r  SQRT_MAP/gen_pipeline[6].rem_pipe_reg[7][31]_i_1/O[0]
                         net (fo=1, routed)           0.000    13.432    SQRT_MAP/gen_pipeline[6].rem_pipe_reg[7][31]_i_1_n_7
    SLICE_X95Y109        FDRE                                         r  SQRT_MAP/gen_pipeline[6].rem_pipe_reg[7][28]/D
  -------------------------------------------------------------------    -------------------

                         (clock sys_clk_pin rise edge)
                                                      8.000     8.000 r  
    H16                                               0.000     8.000 r  clk (IN)
                         net (fo=0)                   0.000     8.000    clk
    H16                  IBUF (Prop_ibuf_I_O)         1.380     9.380 r  clk_IBUF_inst/O
                         net (fo=1, routed)           2.293    11.673    clk_IBUF
    BUFGCTRL_X0Y16       BUFG (Prop_bufg_I_O)         0.091    11.764 r  clk_IBUF_BUFG_inst/O
                         net (fo=864, routed)         1.780    13.545    SQRT_MAP/clk_IBUF_BUFG
    SLICE_X95Y109        FDRE                                         r  SQRT_MAP/gen_pipeline[6].rem_pipe_reg[7][28]/C
                         clock pessimism              0.478    14.023    
                         clock uncertainty           -0.035    13.987    
    SLICE_X95Y109        FDRE (Setup_fdre_C_D)        0.062    14.049    SQRT_MAP/gen_pipeline[6].rem_pipe_reg[7][28]
  -------------------------------------------------------------------
                         required time                         14.049    
                         arrival time                         -13.432    
  -------------------------------------------------------------------
                         slack                                  0.617    

Slack (MET) :             0.617ns  (required time - arrival time)
  Source:                 SQRT_MAP/gen_pipeline[2].ukupni_parovi_pipe_reg[3][22]/C
                            (rising edge-triggered cell FDRE clocked by sys_clk_pin  {rise@0.000ns fall@4.000ns period=8.000ns})
  Destination:            SQRT_MAP/gen_pipeline[3].rem_pipe_reg[4][30]/D
                            (rising edge-triggered cell FDRE clocked by sys_clk_pin  {rise@0.000ns fall@4.000ns period=8.000ns})
  Path Group:             sys_clk_pin
  Path Type:              Setup (Max at Slow Process Corner)
  Requirement:            8.000ns  (sys_clk_pin rise@8.000ns - sys_clk_pin rise@0.000ns)
  Data Path Delay:        7.466ns  (logic 3.869ns (51.820%)  route 3.597ns (48.180%))
  Logic Levels:           17  (CARRY4=13 LUT1=1 LUT5=2 LUT6=1)
  Clock Path Skew:        0.010ns (DCD - SCD + CPR)
    Destination Clock Delay (DCD):    5.547ns = ( 13.547 - 8.000 ) 
    Source Clock Delay      (SCD):    5.860ns
    Clock Pessimism Removal (CPR):    0.323ns
  Clock Uncertainty:      0.035ns  ((TSJ^2 + TIJ^2)^1/2 + DJ) / 2 + PE
    Total System Jitter     (TSJ):    0.071ns
    Total Input Jitter      (TIJ):    0.000ns
    Discrete Jitter          (DJ):    0.000ns
    Phase Error              (PE):    0.000ns

    Location             Delay type                Incr(ns)  Path(ns)    Netlist Resource(s)
  -------------------------------------------------------------------    -------------------
                         (clock sys_clk_pin rise edge)
                                                      0.000     0.000 r  
    H16                                               0.000     0.000 r  clk (IN)
                         net (fo=0)                   0.000     0.000    clk
    H16                  IBUF (Prop_ibuf_I_O)         1.451     1.451 r  clk_IBUF_inst/O
                         net (fo=1, routed)           2.522     3.973    clk_IBUF
    BUFGCTRL_X0Y16       BUFG (Prop_bufg_I_O)         0.101     4.074 r  clk_IBUF_BUFG_inst/O
                         net (fo=864, routed)         1.786     5.860    SQRT_MAP/clk_IBUF_BUFG
    SLICE_X103Y97        FDRE                                         r  SQRT_MAP/gen_pipeline[2].ukupni_parovi_pipe_reg[3][22]/C
  -------------------------------------------------------------------    -------------------
    SLICE_X103Y97        FDRE (Prop_fdre_C_Q)         0.456     6.316 r  SQRT_MAP/gen_pipeline[2].ukupni_parovi_pipe_reg[3][22]/Q
                         net (fo=4, routed)           1.095     7.411    SQRT_MAP/gen_pipeline[2].ukupni_parovi_pipe_reg[3]_3[22]
    SLICE_X103Y97        LUT6 (Prop_lut6_I0_O)        0.124     7.535 r  SQRT_MAP/gen_pipeline[3].rem_pipe[4][3]_i_13/O
                         net (fo=1, routed)           0.433     7.968    SQRT_MAP/gen_pipeline[3].rem_pipe[4][3]_i_13_n_0
    SLICE_X103Y97        LUT5 (Prop_lut5_I0_O)        0.124     8.092 r  SQRT_MAP/gen_pipeline[3].rem_pipe[4][3]_i_10/O
                         net (fo=3, routed)           0.454     8.546    SQRT_MAP/gen_pipeline[3].rem_pipe[4][3]_i_10_n_0
    SLICE_X101Y96        LUT5 (Prop_lut5_I4_O)        0.124     8.670 r  SQRT_MAP/gen_pipeline[3].rem_pipe[4][3]_i_3/O
                         net (fo=2, routed)           0.523     9.193    SQRT_MAP/R22_in[1]
    SLICE_X101Y97        CARRY4 (Prop_carry4_DI[0]_CO[3])
                                                      0.526     9.719 r  SQRT_MAP/gen_pipeline[3].root_pipe_reg[4][0]_i_23/CO[3]
                         net (fo=1, routed)           0.000     9.719    SQRT_MAP/gen_pipeline[3].root_pipe_reg[4][0]_i_23_n_0
    SLICE_X101Y98        CARRY4 (Prop_carry4_CI_CO[3])
                                                      0.114     9.833 r  SQRT_MAP/gen_pipeline[3].root_pipe_reg[4][0]_i_14/CO[3]
                         net (fo=1, routed)           0.000     9.833    SQRT_MAP/gen_pipeline[3].root_pipe_reg[4][0]_i_14_n_0
    SLICE_X101Y99        CARRY4 (Prop_carry4_CI_CO[3])
                                                      0.114     9.947 r  SQRT_MAP/gen_pipeline[3].root_pipe_reg[4][0]_i_5/CO[3]
                         net (fo=1, routed)           0.001     9.947    SQRT_MAP/gen_pipeline[3].root_pipe_reg[4][0]_i_5_n_0
    SLICE_X101Y100       CARRY4 (Prop_carry4_CI_CO[3])
                                                      0.114    10.061 r  SQRT_MAP/gen_pipeline[3].root_pipe_reg[4][0]_i_2/CO[3]
                         net (fo=1, routed)           0.000    10.061    SQRT_MAP/gen_pipeline[3].root_pipe_reg[4][0]_i_2_n_0
    SLICE_X101Y101       CARRY4 (Prop_carry4_CI_O[1])
                                                      0.334    10.395 f  SQRT_MAP/gen_pipeline[3].root_pipe_reg[4][0]_i_1/O[1]
                         net (fo=32, routed)          0.753    11.149    SQRT_MAP/gen_pipeline[3].root_pipe_reg[4][0]_i_1_n_6
    SLICE_X99Y98         LUT1 (Prop_lut1_I0_O)        0.303    11.452 r  SQRT_MAP/gen_pipeline[3].rem_pipe[4][3]_i_2/O
                         net (fo=1, routed)           0.337    11.789    SQRT_MAP/gen_pipeline[3].rem_pipe[4][3]_i_2_n_0
    SLICE_X100Y97        CARRY4 (Prop_carry4_CYINIT_CO[3])
                                                      0.595    12.384 r  SQRT_MAP/gen_pipeline[3].rem_pipe_reg[4][3]_i_1/CO[3]
                         net (fo=1, routed)           0.000    12.384    SQRT_MAP/gen_pipeline[3].rem_pipe_reg[4][3]_i_1_n_0
    SLICE_X100Y98        CARRY4 (Prop_carry4_CI_CO[3])
                                                      0.117    12.501 r  SQRT_MAP/gen_pipeline[3].rem_pipe_reg[4][7]_i_1/CO[3]
                         net (fo=1, routed)           0.000    12.501    SQRT_MAP/gen_pipeline[3].rem_pipe_reg[4][7]_i_1_n_0
    SLICE_X100Y99        CARRY4 (Prop_carry4_CI_CO[3])
                                                      0.117    12.618 r  SQRT_MAP/gen_pipeline[3].rem_pipe_reg[4][11]_i_1/CO[3]
                         net (fo=1, routed)           0.001    12.619    SQRT_MAP/gen_pipeline[3].rem_pipe_reg[4][11]_i_1_n_0
    SLICE_X100Y100       CARRY4 (Prop_carry4_CI_CO[3])
                                                      0.117    12.736 r  SQRT_MAP/gen_pipeline[3].rem_pipe_reg[4][15]_i_1/CO[3]
                         net (fo=1, routed)           0.000    12.736    SQRT_MAP/gen_pipeline[3].rem_pipe_reg[4][15]_i_1_n_0
    SLICE_X100Y101       CARRY4 (Prop_carry4_CI_CO[3])
                                                      0.117    12.853 r  SQRT_MAP/gen_pipeline[3].rem_pipe_reg[4][19]_i_1/CO[3]
                         net (fo=1, routed)           0.000    12.853    SQRT_MAP/gen_pipeline[3].rem_pipe_reg[4][19]_i_1_n_0
    SLICE_X100Y102       CARRY4 (Prop_carry4_CI_CO[3])
                                                      0.117    12.970 r  SQRT_MAP/gen_pipeline[3].rem_pipe_reg[4][23]_i_1/CO[3]
                         net (fo=1, routed)           0.000    12.970    SQRT_MAP/gen_pipeline[3].rem_pipe_reg[4][23]_i_1_n_0
    SLICE_X100Y103       CARRY4 (Prop_carry4_CI_CO[3])
                                                      0.117    13.087 r  SQRT_MAP/gen_pipeline[3].rem_pipe_reg[4][27]_i_1/CO[3]
                         net (fo=1, routed)           0.000    13.087    SQRT_MAP/gen_pipeline[3].rem_pipe_reg[4][27]_i_1_n_0
    SLICE_X100Y104       CARRY4 (Prop_carry4_CI_O[2])
                                                      0.239    13.326 r  SQRT_MAP/gen_pipeline[3].rem_pipe_reg[4][31]_i_1/O[2]
                         net (fo=1, routed)           0.000    13.326    SQRT_MAP/gen_pipeline[3].rem_pipe_reg[4][31]_i_1_n_5
    SLICE_X100Y104       FDRE                                         r  SQRT_MAP/gen_pipeline[3].rem_pipe_reg[4][30]/D
  -------------------------------------------------------------------    -------------------

                         (clock sys_clk_pin rise edge)
                                                      8.000     8.000 r  
    H16                                               0.000     8.000 r  clk (IN)
                         net (fo=0)                   0.000     8.000    clk
    H16                  IBUF (Prop_ibuf_I_O)         1.380     9.380 r  clk_IBUF_inst/O
                         net (fo=1, routed)           2.293    11.673    clk_IBUF
    BUFGCTRL_X0Y16       BUFG (Prop_bufg_I_O)         0.091    11.764 r  clk_IBUF_BUFG_inst/O
                         net (fo=864, routed)         1.782    13.547    SQRT_MAP/clk_IBUF_BUFG
    SLICE_X100Y104       FDRE                                         r  SQRT_MAP/gen_pipeline[3].rem_pipe_reg[4][30]/C
                         clock pessimism              0.323    13.870    
                         clock uncertainty           -0.035    13.834    
    SLICE_X100Y104       FDRE (Setup_fdre_C_D)        0.109    13.943    SQRT_MAP/gen_pipeline[3].rem_pipe_reg[4][30]
  -------------------------------------------------------------------
                         required time                         13.943    
                         arrival time                         -13.326    
  -------------------------------------------------------------------
                         slack                                  0.617    

Slack (MET) :             0.621ns  (required time - arrival time)
  Source:                 SQRT_MAP/gen_pipeline[3].idx_pipe_reg[4][4]/C
                            (rising edge-triggered cell FDRE clocked by sys_clk_pin  {rise@0.000ns fall@4.000ns period=8.000ns})
  Destination:            SQRT_MAP/gen_pipeline[4].rem_pipe_reg[5][29]/D
                            (rising edge-triggered cell FDRE clocked by sys_clk_pin  {rise@0.000ns fall@4.000ns period=8.000ns})
  Path Group:             sys_clk_pin
  Path Type:              Setup (Max at Slow Process Corner)
  Requirement:            8.000ns  (sys_clk_pin rise@8.000ns - sys_clk_pin rise@0.000ns)
  Data Path Delay:        7.415ns  (logic 4.125ns (55.630%)  route 3.290ns (44.370%))
  Logic Levels:           17  (CARRY4=13 LUT1=1 LUT4=1 LUT5=2)
  Clock Path Skew:        0.009ns (DCD - SCD + CPR)
    Destination Clock Delay (DCD):    5.545ns = ( 13.545 - 8.000 ) 
    Source Clock Delay      (SCD):    5.859ns
    Clock Pessimism Removal (CPR):    0.323ns
  Clock Uncertainty:      0.035ns  ((TSJ^2 + TIJ^2)^1/2 + DJ) / 2 + PE
    Total System Jitter     (TSJ):    0.071ns
    Total Input Jitter      (TIJ):    0.000ns
    Discrete Jitter          (DJ):    0.000ns
    Phase Error              (PE):    0.000ns

    Location             Delay type                Incr(ns)  Path(ns)    Netlist Resource(s)
  -------------------------------------------------------------------    -------------------
                         (clock sys_clk_pin rise edge)
                                                      0.000     0.000 r  
    H16                                               0.000     0.000 r  clk (IN)
                         net (fo=0)                   0.000     0.000    clk
    H16                  IBUF (Prop_ibuf_I_O)         1.451     1.451 r  clk_IBUF_inst/O
                         net (fo=1, routed)           2.522     3.973    clk_IBUF
    BUFGCTRL_X0Y16       BUFG (Prop_bufg_I_O)         0.101     4.074 r  clk_IBUF_BUFG_inst/O
                         net (fo=864, routed)         1.785     5.859    SQRT_MAP/clk_IBUF_BUFG
    SLICE_X100Y96        FDRE                                         r  SQRT_MAP/gen_pipeline[3].idx_pipe_reg[4][4]/C
  -------------------------------------------------------------------    -------------------
    SLICE_X100Y96        FDRE (Prop_fdre_C_Q)         0.478     6.337 r  SQRT_MAP/gen_pipeline[3].idx_pipe_reg[4][4]/Q
                         net (fo=18, routed)          0.794     7.131    SQRT_MAP/gen_pipeline[3].idx_pipe_reg_n_0_[4][4]
    SLICE_X99Y97         LUT4 (Prop_lut4_I2_O)        0.296     7.427 r  SQRT_MAP/gen_pipeline[4].rem_pipe[5][3]_i_14/O
                         net (fo=1, routed)           0.637     8.063    SQRT_MAP/gen_pipeline[4].rem_pipe[5][3]_i_14_n_0
    SLICE_X99Y98         LUT5 (Prop_lut5_I2_O)        0.124     8.187 r  SQRT_MAP/gen_pipeline[4].rem_pipe[5][3]_i_10/O
                         net (fo=3, routed)           0.439     8.626    SQRT_MAP/gen_pipeline[4].rem_pipe[5][3]_i_10_n_0
    SLICE_X98Y99         LUT5 (Prop_lut5_I4_O)        0.124     8.750 r  SQRT_MAP/gen_pipeline[4].rem_pipe[5][3]_i_3/O
                         net (fo=2, routed)           0.514     9.264    SQRT_MAP/R20_in[1]
    SLICE_X99Y99         CARRY4 (Prop_carry4_DI[0]_CO[3])
                                                      0.526     9.790 r  SQRT_MAP/gen_pipeline[4].root_pipe_reg[5][0]_i_23/CO[3]
                         net (fo=1, routed)           0.001     9.791    SQRT_MAP/gen_pipeline[4].root_pipe_reg[5][0]_i_23_n_0
    SLICE_X99Y100        CARRY4 (Prop_carry4_CI_CO[3])
                                                      0.114     9.905 r  SQRT_MAP/gen_pipeline[4].root_pipe_reg[5][0]_i_14/CO[3]
                         net (fo=1, routed)           0.000     9.905    SQRT_MAP/gen_pipeline[4].root_pipe_reg[5][0]_i_14_n_0
    SLICE_X99Y101        CARRY4 (Prop_carry4_CI_CO[3])
                                                      0.114    10.019 r  SQRT_MAP/gen_pipeline[4].root_pipe_reg[5][0]_i_5/CO[3]
                         net (fo=1, routed)           0.000    10.019    SQRT_MAP/gen_pipeline[4].root_pipe_reg[5][0]_i_5_n_0
    SLICE_X99Y102        CARRY4 (Prop_carry4_CI_CO[3])
                                                      0.114    10.133 r  SQRT_MAP/gen_pipeline[4].root_pipe_reg[5][0]_i_2/CO[3]
                         net (fo=1, routed)           0.000    10.133    SQRT_MAP/gen_pipeline[4].root_pipe_reg[5][0]_i_2_n_0
    SLICE_X99Y103        CARRY4 (Prop_carry4_CI_O[1])
                                                      0.334    10.467 f  SQRT_MAP/gen_pipeline[4].root_pipe_reg[5][0]_i_1/O[1]
                         net (fo=32, routed)          0.438    10.905    SQRT_MAP/gen_pipeline[4].root_pipe_reg[5][0]_i_1_n_6
    SLICE_X98Y104        LUT1 (Prop_lut1_I0_O)        0.303    11.208 r  SQRT_MAP/gen_pipeline[4].rem_pipe[5][3]_i_2/O
                         net (fo=1, routed)           0.468    11.676    SQRT_MAP/gen_pipeline[4].rem_pipe[5][3]_i_2_n_0
    SLICE_X101Y102       CARRY4 (Prop_carry4_CYINIT_CO[3])
                                                      0.580    12.256 r  SQRT_MAP/gen_pipeline[4].rem_pipe_reg[5][3]_i_1/CO[3]
                         net (fo=1, routed)           0.000    12.256    SQRT_MAP/gen_pipeline[4].rem_pipe_reg[5][3]_i_1_n_0
    SLICE_X101Y103       CARRY4 (Prop_carry4_CI_CO[3])
                                                      0.114    12.370 r  SQRT_MAP/gen_pipeline[4].rem_pipe_reg[5][7]_i_1/CO[3]
                         net (fo=1, routed)           0.000    12.370    SQRT_MAP/gen_pipeline[4].rem_pipe_reg[5][7]_i_1_n_0
    SLICE_X101Y104       CARRY4 (Prop_carry4_CI_CO[3])
                                                      0.114    12.484 r  SQRT_MAP/gen_pipeline[4].rem_pipe_reg[5][11]_i_1/CO[3]
                         net (fo=1, routed)           0.000    12.484    SQRT_MAP/gen_pipeline[4].rem_pipe_reg[5][11]_i_1_n_0
    SLICE_X101Y105       CARRY4 (Prop_carry4_CI_CO[3])
                                                      0.114    12.598 r  SQRT_MAP/gen_pipeline[4].rem_pipe_reg[5][15]_i_1/CO[3]
                         net (fo=1, routed)           0.000    12.598    SQRT_MAP/gen_pipeline[4].rem_pipe_reg[5][15]_i_1_n_0
    SLICE_X101Y106       CARRY4 (Prop_carry4_CI_CO[3])
                                                      0.114    12.712 r  SQRT_MAP/gen_pipeline[4].rem_pipe_reg[5][19]_i_1/CO[3]
                         net (fo=1, routed)           0.000    12.712    SQRT_MAP/gen_pipeline[4].rem_pipe_reg[5][19]_i_1_n_0
    SLICE_X101Y107       CARRY4 (Prop_carry4_CI_CO[3])
                                                      0.114    12.826 r  SQRT_MAP/gen_pipeline[4].rem_pipe_reg[5][23]_i_1/CO[3]
                         net (fo=1, routed)           0.000    12.826    SQRT_MAP/gen_pipeline[4].rem_pipe_reg[5][23]_i_1_n_0
    SLICE_X101Y108       CARRY4 (Prop_carry4_CI_CO[3])
                                                      0.114    12.940 r  SQRT_MAP/gen_pipeline[4].rem_pipe_reg[5][27]_i_1/CO[3]
                         net (fo=1, routed)           0.000    12.940    SQRT_MAP/gen_pipeline[4].rem_pipe_reg[5][27]_i_1_n_0
    SLICE_X101Y109       CARRY4 (Prop_carry4_CI_O[1])
                                                      0.334    13.274 r  SQRT_MAP/gen_pipeline[4].rem_pipe_reg[5][31]_i_1/O[1]
                         net (fo=1, routed)           0.000    13.274    SQRT_MAP/gen_pipeline[4].rem_pipe_reg[5][31]_i_1_n_6
    SLICE_X101Y109       FDRE                                         r  SQRT_MAP/gen_pipeline[4].rem_pipe_reg[5][29]/D
  -------------------------------------------------------------------    -------------------

                         (clock sys_clk_pin rise edge)
                                                      8.000     8.000 r  
    H16                                               0.000     8.000 r  clk (IN)
                         net (fo=0)                   0.000     8.000    clk
    H16                  IBUF (Prop_ibuf_I_O)         1.380     9.380 r  clk_IBUF_inst/O
                         net (fo=1, routed)           2.293    11.673    clk_IBUF
    BUFGCTRL_X0Y16       BUFG (Prop_bufg_I_O)         0.091    11.764 r  clk_IBUF_BUFG_inst/O
                         net (fo=864, routed)         1.780    13.545    SQRT_MAP/clk_IBUF_BUFG
    SLICE_X101Y109       FDRE                                         r  SQRT_MAP/gen_pipeline[4].rem_pipe_reg[5][29]/C
                         clock pessimism              0.323    13.868    
                         clock uncertainty           -0.035    13.832    
    SLICE_X101Y109       FDRE (Setup_fdre_C_D)        0.062    13.894    SQRT_MAP/gen_pipeline[4].rem_pipe_reg[5][29]
  -------------------------------------------------------------------
                         required time                         13.894    
                         arrival time                         -13.274    
  -------------------------------------------------------------------
                         slack                                  0.621    





Min Delay Paths
--------------------------------------------------------------------------------------
Slack (MET) :             0.028ns  (arrival time - required time)
  Source:                 SQRT_MAP/gen_pipeline[10].root_pipe_reg[11][9]/C
                            (rising edge-triggered cell FDRE clocked by sys_clk_pin  {rise@0.000ns fall@4.000ns period=8.000ns})
  Destination:            SQRT_MAP/gen_pipeline[11].root_pipe_reg[12][10]/D
                            (rising edge-triggered cell FDRE clocked by sys_clk_pin  {rise@0.000ns fall@4.000ns period=8.000ns})
  Path Group:             sys_clk_pin
  Path Type:              Hold (Min at Fast Process Corner)
  Requirement:            0.000ns  (sys_clk_pin rise@0.000ns - sys_clk_pin rise@0.000ns)
  Data Path Delay:        0.280ns  (logic 0.164ns (58.475%)  route 0.116ns (41.525%))
  Logic Levels:           0  
  Clock Path Skew:        0.183ns (DCD - SCD - CPR)
    Destination Clock Delay (DCD):    2.219ns
    Source Clock Delay      (SCD):    1.776ns
    Clock Pessimism Removal (CPR):    0.261ns

    Location             Delay type                Incr(ns)  Path(ns)    Netlist Resource(s)
  -------------------------------------------------------------------    -------------------
                         (clock sys_clk_pin rise edge)
                                                      0.000     0.000 r  
    H16                                               0.000     0.000 r  clk (IN)
                         net (fo=0)                   0.000     0.000    clk
    H16                  IBUF (Prop_ibuf_I_O)         0.219     0.219 r  clk_IBUF_inst/O
                         net (fo=1, routed)           0.842     1.060    clk_IBUF
    BUFGCTRL_X0Y16       BUFG (Prop_bufg_I_O)         0.026     1.086 r  clk_IBUF_BUFG_inst/O
                         net (fo=864, routed)         0.689     1.776    SQRT_MAP/clk_IBUF_BUFG
    SLICE_X92Y100        FDRE                                         r  SQRT_MAP/gen_pipeline[10].root_pipe_reg[11][9]/C
  -------------------------------------------------------------------    -------------------
    SLICE_X92Y100        FDRE (Prop_fdre_C_Q)         0.164     1.940 r  SQRT_MAP/gen_pipeline[10].root_pipe_reg[11][9]/Q
                         net (fo=1, routed)           0.116     2.056    SQRT_MAP/SHIFT_LEFT33[11]
    SLICE_X91Y99         FDRE                                         r  SQRT_MAP/gen_pipeline[11].root_pipe_reg[12][10]/D
  -------------------------------------------------------------------    -------------------

                         (clock sys_clk_pin rise edge)
                                                      0.000     0.000 r  
    H16                                               0.000     0.000 r  clk (IN)
                         net (fo=0)                   0.000     0.000    clk
    H16                  IBUF (Prop_ibuf_I_O)         0.406     0.406 r  clk_IBUF_inst/O
                         net (fo=1, routed)           0.907     1.313    clk_IBUF
    BUFGCTRL_X0Y16       BUFG (Prop_bufg_I_O)         0.029     1.342 r  clk_IBUF_BUFG_inst/O
                         net (fo=864, routed)         0.877     2.219    SQRT_MAP/clk_IBUF_BUFG
    SLICE_X91Y99         FDRE                                         r  SQRT_MAP/gen_pipeline[11].root_pipe_reg[12][10]/C
                         clock pessimism             -0.261     1.958    
    SLICE_X91Y99         FDRE (Hold_fdre_C_D)         0.070     2.028    SQRT_MAP/gen_pipeline[11].root_pipe_reg[12][10]
  -------------------------------------------------------------------
                         required time                         -2.028    
                         arrival time                           2.056    
  -------------------------------------------------------------------
                         slack                                  0.028    

Slack (MET) :             0.031ns  (arrival time - required time)
  Source:                 SQRT_MAP/ukupni_parovi_pipe_reg[0][25]/C
                            (rising edge-triggered cell FDRE clocked by sys_clk_pin  {rise@0.000ns fall@4.000ns period=8.000ns})
  Destination:            SQRT_MAP/gen_pipeline[0].ukupni_parovi_pipe_reg[1][25]/D
                            (rising edge-triggered cell FDRE clocked by sys_clk_pin  {rise@0.000ns fall@4.000ns period=8.000ns})
  Path Group:             sys_clk_pin
  Path Type:              Hold (Min at Fast Process Corner)
  Requirement:            0.000ns  (sys_clk_pin rise@0.000ns - sys_clk_pin rise@0.000ns)
  Data Path Delay:        0.285ns  (logic 0.141ns (49.410%)  route 0.144ns (50.590%))
  Logic Levels:           0  
  Clock Path Skew:        0.184ns (DCD - SCD - CPR)
    Destination Clock Delay (DCD):    2.222ns
    Source Clock Delay      (SCD):    1.778ns
    Clock Pessimism Removal (CPR):    0.261ns

    Location             Delay type                Incr(ns)  Path(ns)    Netlist Resource(s)
  -------------------------------------------------------------------    -------------------
                         (clock sys_clk_pin rise edge)
                                                      0.000     0.000 r  
    H16                                               0.000     0.000 r  clk (IN)
                         net (fo=0)                   0.000     0.000    clk
    H16                  IBUF (Prop_ibuf_I_O)         0.219     0.219 r  clk_IBUF_inst/O
                         net (fo=1, routed)           0.842     1.060    clk_IBUF
    BUFGCTRL_X0Y16       BUFG (Prop_bufg_I_O)         0.026     1.086 r  clk_IBUF_BUFG_inst/O
                         net (fo=864, routed)         0.691     1.778    SQRT_MAP/clk_IBUF_BUFG
    SLICE_X105Y100       FDRE                                         r  SQRT_MAP/ukupni_parovi_pipe_reg[0][25]/C
  -------------------------------------------------------------------    -------------------
    SLICE_X105Y100       FDRE (Prop_fdre_C_Q)         0.141     1.919 r  SQRT_MAP/ukupni_parovi_pipe_reg[0][25]/Q
                         net (fo=1, routed)           0.144     2.063    SQRT_MAP/ukupni_parovi_pipe_reg[0]_0[25]
    SLICE_X105Y99        FDRE                                         r  SQRT_MAP/gen_pipeline[0].ukupni_parovi_pipe_reg[1][25]/D
  -------------------------------------------------------------------    -------------------

                         (clock sys_clk_pin rise edge)
                                                      0.000     0.000 r  
    H16                                               0.000     0.000 r  clk (IN)
                         net (fo=0)                   0.000     0.000    clk
    H16                  IBUF (Prop_ibuf_I_O)         0.406     0.406 r  clk_IBUF_inst/O
                         net (fo=1, routed)           0.907     1.313    clk_IBUF
    BUFGCTRL_X0Y16       BUFG (Prop_bufg_I_O)         0.029     1.342 r  clk_IBUF_BUFG_inst/O
                         net (fo=864, routed)         0.880     2.222    SQRT_MAP/clk_IBUF_BUFG
    SLICE_X105Y99        FDRE                                         r  SQRT_MAP/gen_pipeline[0].ukupni_parovi_pipe_reg[1][25]/C
                         clock pessimism             -0.261     1.961    
    SLICE_X105Y99        FDRE (Hold_fdre_C_D)         0.070     2.031    SQRT_MAP/gen_pipeline[0].ukupni_parovi_pipe_reg[1][25]
  -------------------------------------------------------------------
                         required time                         -2.031    
                         arrival time                           2.063    
  -------------------------------------------------------------------
                         slack                                  0.031    

Slack (MET) :             0.036ns  (arrival time - required time)
  Source:                 SQRT_MAP/ukupni_parovi_pipe_reg[0][28]/C
                            (rising edge-triggered cell FDRE clocked by sys_clk_pin  {rise@0.000ns fall@4.000ns period=8.000ns})
  Destination:            SQRT_MAP/gen_pipeline[0].ukupni_parovi_pipe_reg[1][28]/D
                            (rising edge-triggered cell FDRE clocked by sys_clk_pin  {rise@0.000ns fall@4.000ns period=8.000ns})
  Path Group:             sys_clk_pin
  Path Type:              Hold (Min at Fast Process Corner)
  Requirement:            0.000ns  (sys_clk_pin rise@0.000ns - sys_clk_pin rise@0.000ns)
  Data Path Delay:        0.286ns  (logic 0.141ns (49.238%)  route 0.145ns (50.762%))
  Logic Levels:           0  
  Clock Path Skew:        0.184ns (DCD - SCD - CPR)
    Destination Clock Delay (DCD):    2.222ns
    Source Clock Delay      (SCD):    1.778ns
    Clock Pessimism Removal (CPR):    0.261ns

    Location             Delay type                Incr(ns)  Path(ns)    Netlist Resource(s)
  -------------------------------------------------------------------    -------------------
                         (clock sys_clk_pin rise edge)
                                                      0.000     0.000 r  
    H16                                               0.000     0.000 r  clk (IN)
                         net (fo=0)                   0.000     0.000    clk
    H16                  IBUF (Prop_ibuf_I_O)         0.219     0.219 r  clk_IBUF_inst/O
                         net (fo=1, routed)           0.842     1.060    clk_IBUF
    BUFGCTRL_X0Y16       BUFG (Prop_bufg_I_O)         0.026     1.086 r  clk_IBUF_BUFG_inst/O
                         net (fo=864, routed)         0.691     1.778    SQRT_MAP/clk_IBUF_BUFG
    SLICE_X105Y100       FDRE                                         r  SQRT_MAP/ukupni_parovi_pipe_reg[0][28]/C
  -------------------------------------------------------------------    -------------------
    SLICE_X105Y100       FDRE (Prop_fdre_C_Q)         0.141     1.919 r  SQRT_MAP/ukupni_parovi_pipe_reg[0][28]/Q
                         net (fo=1, routed)           0.145     2.064    SQRT_MAP/ukupni_parovi_pipe_reg[0]_0[28]
    SLICE_X105Y99        FDRE                                         r  SQRT_MAP/gen_pipeline[0].ukupni_parovi_pipe_reg[1][28]/D
  -------------------------------------------------------------------    -------------------

                         (clock sys_clk_pin rise edge)
                                                      0.000     0.000 r  
    H16                                               0.000     0.000 r  clk (IN)
                         net (fo=0)                   0.000     0.000    clk
    H16                  IBUF (Prop_ibuf_I_O)         0.406     0.406 r  clk_IBUF_inst/O
                         net (fo=1, routed)           0.907     1.313    clk_IBUF
    BUFGCTRL_X0Y16       BUFG (Prop_bufg_I_O)         0.029     1.342 r  clk_IBUF_BUFG_inst/O
                         net (fo=864, routed)         0.880     2.222    SQRT_MAP/clk_IBUF_BUFG
    SLICE_X105Y99        FDRE                                         r  SQRT_MAP/gen_pipeline[0].ukupni_parovi_pipe_reg[1][28]/C
                         clock pessimism             -0.261     1.961    
    SLICE_X105Y99        FDRE (Hold_fdre_C_D)         0.066     2.027    SQRT_MAP/gen_pipeline[0].ukupni_parovi_pipe_reg[1][28]
  -------------------------------------------------------------------
                         required time                         -2.027    
                         arrival time                           2.064    
  -------------------------------------------------------------------
                         slack                                  0.036    

Slack (MET) :             0.064ns  (arrival time - required time)
  Source:                 SQRT_MAP/gen_pipeline[3].rem_pipe_reg[4][1]/C
                            (rising edge-triggered cell FDRE clocked by sys_clk_pin  {rise@0.000ns fall@4.000ns period=8.000ns})
  Destination:            SQRT_MAP/gen_pipeline[4].rem_pipe_reg[5][3]/D
                            (rising edge-triggered cell FDRE clocked by sys_clk_pin  {rise@0.000ns fall@4.000ns period=8.000ns})
  Path Group:             sys_clk_pin
  Path Type:              Hold (Min at Fast Process Corner)
  Requirement:            0.000ns  (sys_clk_pin rise@0.000ns - sys_clk_pin rise@0.000ns)
  Data Path Delay:        0.521ns  (logic 0.272ns (52.252%)  route 0.249ns (47.748%))
  Logic Levels:           2  (CARRY4=1 LUT3=1)
  Clock Path Skew:        0.351ns (DCD - SCD - CPR)
    Destination Clock Delay (DCD):    2.307ns
    Source Clock Delay      (SCD):    1.695ns
    Clock Pessimism Removal (CPR):    0.261ns

    Location             Delay type                Incr(ns)  Path(ns)    Netlist Resource(s)
  -------------------------------------------------------------------    -------------------
                         (clock sys_clk_pin rise edge)
                                                      0.000     0.000 r  
    H16                                               0.000     0.000 r  clk (IN)
                         net (fo=0)                   0.000     0.000    clk
    H16                  IBUF (Prop_ibuf_I_O)         0.219     0.219 r  clk_IBUF_inst/O
                         net (fo=1, routed)           0.842     1.060    clk_IBUF
    BUFGCTRL_X0Y16       BUFG (Prop_bufg_I_O)         0.026     1.086 r  clk_IBUF_BUFG_inst/O
                         net (fo=864, routed)         0.609     1.695    SQRT_MAP/clk_IBUF_BUFG
    SLICE_X100Y97        FDRE                                         r  SQRT_MAP/gen_pipeline[3].rem_pipe_reg[4][1]/C
  -------------------------------------------------------------------    -------------------
    SLICE_X100Y97        FDRE (Prop_fdre_C_Q)         0.164     1.859 r  SQRT_MAP/gen_pipeline[3].rem_pipe_reg[4][1]/Q
                         net (fo=4, routed)           0.249     2.108    SQRT_MAP/or21_out[3]
    SLICE_X101Y102       LUT3 (Prop_lut3_I2_O)        0.045     2.153 r  SQRT_MAP/gen_pipeline[4].rem_pipe[5][3]_i_4/O
                         net (fo=1, routed)           0.000     2.153    SQRT_MAP/gen_pipeline[4].rem_pipe[5][3]_i_4_n_0
    SLICE_X101Y102       CARRY4 (Prop_carry4_S[3]_O[3])
                                                      0.063     2.216 r  SQRT_MAP/gen_pipeline[4].rem_pipe_reg[5][3]_i_1/O[3]
                         net (fo=1, routed)           0.000     2.216    SQRT_MAP/gen_pipeline[4].rem_pipe_reg[5][3]_i_1_n_4
    SLICE_X101Y102       FDRE                                         r  SQRT_MAP/gen_pipeline[4].rem_pipe_reg[5][3]/D
  -------------------------------------------------------------------    -------------------

                         (clock sys_clk_pin rise edge)
                                                      0.000     0.000 r  
    H16                                               0.000     0.000 r  clk (IN)
                         net (fo=0)                   0.000     0.000    clk
    H16                  IBUF (Prop_ibuf_I_O)         0.406     0.406 r  clk_IBUF_inst/O
                         net (fo=1, routed)           0.907     1.313    clk_IBUF
    BUFGCTRL_X0Y16       BUFG (Prop_bufg_I_O)         0.029     1.342 r  clk_IBUF_BUFG_inst/O
                         net (fo=864, routed)         0.965     2.307    SQRT_MAP/clk_IBUF_BUFG
    SLICE_X101Y102       FDRE                                         r  SQRT_MAP/gen_pipeline[4].rem_pipe_reg[5][3]/C
                         clock pessimism             -0.261     2.046    
    SLICE_X101Y102       FDRE (Hold_fdre_C_D)         0.105     2.151    SQRT_MAP/gen_pipeline[4].rem_pipe_reg[5][3]
  -------------------------------------------------------------------
                         required time                         -2.151    
                         arrival time                           2.216    
  -------------------------------------------------------------------
                         slack                                  0.064    

Slack (MET) :             0.073ns  (arrival time - required time)
  Source:                 SQRT_MAP/gen_pipeline[2].rem_pipe_reg[3][9]/C
                            (rising edge-triggered cell FDRE clocked by sys_clk_pin  {rise@0.000ns fall@4.000ns period=8.000ns})
  Destination:            SQRT_MAP/gen_pipeline[3].rem_pipe_reg[4][12]/D
                            (rising edge-triggered cell FDRE clocked by sys_clk_pin  {rise@0.000ns fall@4.000ns period=8.000ns})
  Path Group:             sys_clk_pin
  Path Type:              Hold (Min at Fast Process Corner)
  Requirement:            0.000ns  (sys_clk_pin rise@0.000ns - sys_clk_pin rise@0.000ns)
  Data Path Delay:        0.558ns  (logic 0.371ns (66.451%)  route 0.187ns (33.549%))
  Logic Levels:           3  (CARRY4=2 LUT2=1)
  Clock Path Skew:        0.351ns (DCD - SCD - CPR)
    Destination Clock Delay (DCD):    2.307ns
    Source Clock Delay      (SCD):    1.695ns
    Clock Pessimism Removal (CPR):    0.261ns

    Location             Delay type                Incr(ns)  Path(ns)    Netlist Resource(s)
  -------------------------------------------------------------------    -------------------
                         (clock sys_clk_pin rise edge)
                                                      0.000     0.000 r  
    H16                                               0.000     0.000 r  clk (IN)
                         net (fo=0)                   0.000     0.000    clk
    H16                  IBUF (Prop_ibuf_I_O)         0.219     0.219 r  clk_IBUF_inst/O
                         net (fo=1, routed)           0.842     1.060    clk_IBUF
    BUFGCTRL_X0Y16       BUFG (Prop_bufg_I_O)         0.026     1.086 r  clk_IBUF_BUFG_inst/O
                         net (fo=864, routed)         0.609     1.695    SQRT_MAP/clk_IBUF_BUFG
    SLICE_X102Y98        FDRE                                         r  SQRT_MAP/gen_pipeline[2].rem_pipe_reg[3][9]/C
  -------------------------------------------------------------------    -------------------
    SLICE_X102Y98        FDRE (Prop_fdre_C_Q)         0.164     1.859 r  SQRT_MAP/gen_pipeline[2].rem_pipe_reg[3][9]/Q
                         net (fo=4, routed)           0.187     2.046    SQRT_MAP/or23_out[11]
    SLICE_X100Y99        LUT2 (Prop_lut2_I1_O)        0.045     2.091 r  SQRT_MAP/gen_pipeline[3].rem_pipe[4][11]_i_2/O
                         net (fo=1, routed)           0.000     2.091    SQRT_MAP/gen_pipeline[3].rem_pipe[4][11]_i_2_n_0
    SLICE_X100Y99        CARRY4 (Prop_carry4_S[3]_CO[3])
                                                      0.109     2.200 r  SQRT_MAP/gen_pipeline[3].rem_pipe_reg[4][11]_i_1/CO[3]
                         net (fo=1, routed)           0.001     2.200    SQRT_MAP/gen_pipeline[3].rem_pipe_reg[4][11]_i_1_n_0
    SLICE_X100Y100       CARRY4 (Prop_carry4_CI_O[0])
                                                      0.053     2.253 r  SQRT_MAP/gen_pipeline[3].rem_pipe_reg[4][15]_i_1/O[0]
                         net (fo=1, routed)           0.000     2.253    SQRT_MAP/gen_pipeline[3].rem_pipe_reg[4][15]_i_1_n_7
    SLICE_X100Y100       FDRE                                         r  SQRT_MAP/gen_pipeline[3].rem_pipe_reg[4][12]/D
  -------------------------------------------------------------------    -------------------

                         (clock sys_clk_pin rise edge)
                                                      0.000     0.000 r  
    H16                                               0.000     0.000 r  clk (IN)
                         net (fo=0)                   0.000     0.000    clk
    H16                  IBUF (Prop_ibuf_I_O)         0.406     0.406 r  clk_IBUF_inst/O
                         net (fo=1, routed)           0.907     1.313    clk_IBUF
    BUFGCTRL_X0Y16       BUFG (Prop_bufg_I_O)         0.029     1.342 r  clk_IBUF_BUFG_inst/O
                         net (fo=864, routed)         0.965     2.307    SQRT_MAP/clk_IBUF_BUFG
    SLICE_X100Y100       FDRE                                         r  SQRT_MAP/gen_pipeline[3].rem_pipe_reg[4][12]/C
                         clock pessimism             -0.261     2.046    
    SLICE_X100Y100       FDRE (Hold_fdre_C_D)         0.134     2.180    SQRT_MAP/gen_pipeline[3].rem_pipe_reg[4][12]
  -------------------------------------------------------------------
                         required time                         -2.180    
                         arrival time                           2.253    
  -------------------------------------------------------------------
                         slack                                  0.073    

Slack (MET) :             0.073ns  (arrival time - required time)
  Source:                 SQRT_MAP/gen_pipeline[5].ukupni_parovi_pipe_reg[6][26]/C
                            (rising edge-triggered cell FDRE clocked by sys_clk_pin  {rise@0.000ns fall@4.000ns period=8.000ns})
  Destination:            SQRT_MAP/gen_pipeline[6].ukupni_parovi_pipe_reg[7][26]/D
                            (rising edge-triggered cell FDRE clocked by sys_clk_pin  {rise@0.000ns fall@4.000ns period=8.000ns})
  Path Group:             sys_clk_pin
  Path Type:              Hold (Min at Fast Process Corner)
  Requirement:            0.000ns  (sys_clk_pin rise@0.000ns - sys_clk_pin rise@0.000ns)
  Data Path Delay:        0.334ns  (logic 0.141ns (42.169%)  route 0.193ns (57.831%))
  Logic Levels:           0  
  Clock Path Skew:        0.183ns (DCD - SCD - CPR)
    Destination Clock Delay (DCD):    2.220ns
    Source Clock Delay      (SCD):    1.777ns
    Clock Pessimism Removal (CPR):    0.261ns

    Location             Delay type                Incr(ns)  Path(ns)    Netlist Resource(s)
  -------------------------------------------------------------------    -------------------
                         (clock sys_clk_pin rise edge)
                                                      0.000     0.000 r  
    H16                                               0.000     0.000 r  clk (IN)
                         net (fo=0)                   0.000     0.000    clk
    H16                  IBUF (Prop_ibuf_I_O)         0.219     0.219 r  clk_IBUF_inst/O
                         net (fo=1, routed)           0.842     1.060    clk_IBUF
    BUFGCTRL_X0Y16       BUFG (Prop_bufg_I_O)         0.026     1.086 r  clk_IBUF_BUFG_inst/O
                         net (fo=864, routed)         0.690     1.777    SQRT_MAP/clk_IBUF_BUFG
    SLICE_X95Y101        FDRE                                         r  SQRT_MAP/gen_pipeline[5].ukupni_parovi_pipe_reg[6][26]/C
  -------------------------------------------------------------------    -------------------
    SLICE_X95Y101        FDRE (Prop_fdre_C_Q)         0.141     1.918 r  SQRT_MAP/gen_pipeline[5].ukupni_parovi_pipe_reg[6][26]/Q
                         net (fo=4, routed)           0.193     2.111    SQRT_MAP/gen_pipeline[5].ukupni_parovi_pipe_reg[6]_6[26]
    SLICE_X95Y98         FDRE                                         r  SQRT_MAP/gen_pipeline[6].ukupni_parovi_pipe_reg[7][26]/D
  -------------------------------------------------------------------    -------------------

                         (clock sys_clk_pin rise edge)
                                                      0.000     0.000 r  
    H16                                               0.000     0.000 r  clk (IN)
                         net (fo=0)                   0.000     0.000    clk
    H16                  IBUF (Prop_ibuf_I_O)         0.406     0.406 r  clk_IBUF_inst/O
                         net (fo=1, routed)           0.907     1.313    clk_IBUF
    BUFGCTRL_X0Y16       BUFG (Prop_bufg_I_O)         0.029     1.342 r  clk_IBUF_BUFG_inst/O
                         net (fo=864, routed)         0.878     2.220    SQRT_MAP/clk_IBUF_BUFG
    SLICE_X95Y98         FDRE                                         r  SQRT_MAP/gen_pipeline[6].ukupni_parovi_pipe_reg[7][26]/C
                         clock pessimism             -0.261     1.959    
    SLICE_X95Y98         FDRE (Hold_fdre_C_D)         0.078     2.037    SQRT_MAP/gen_pipeline[6].ukupni_parovi_pipe_reg[7][26]
  -------------------------------------------------------------------
                         required time                         -2.037    
                         arrival time                           2.111    
  -------------------------------------------------------------------
                         slack                                  0.073    

Slack (MET) :             0.074ns  (arrival time - required time)
  Source:                 sqrt_valid_reg/C
                            (rising edge-triggered cell FDRE clocked by sys_clk_pin  {rise@0.000ns fall@4.000ns period=8.000ns})
  Destination:            SQRT_MAP/ukupni_parovi_pipe_reg[0][24]/CE
                            (rising edge-triggered cell FDRE clocked by sys_clk_pin  {rise@0.000ns fall@4.000ns period=8.000ns})
  Path Group:             sys_clk_pin
  Path Type:              Hold (Min at Fast Process Corner)
  Requirement:            0.000ns  (sys_clk_pin rise@0.000ns - sys_clk_pin rise@0.000ns)
  Data Path Delay:        0.386ns  (logic 0.141ns (36.508%)  route 0.245ns (63.492%))
  Logic Levels:           0  
  Clock Path Skew:        0.351ns (DCD - SCD - CPR)
    Destination Clock Delay (DCD):    2.307ns
    Source Clock Delay      (SCD):    1.695ns
    Clock Pessimism Removal (CPR):    0.261ns

    Location             Delay type                Incr(ns)  Path(ns)    Netlist Resource(s)
  -------------------------------------------------------------------    -------------------
                         (clock sys_clk_pin rise edge)
                                                      0.000     0.000 r  
    H16                                               0.000     0.000 r  clk (IN)
                         net (fo=0)                   0.000     0.000    clk
    H16                  IBUF (Prop_ibuf_I_O)         0.219     0.219 r  clk_IBUF_inst/O
                         net (fo=1, routed)           0.842     1.060    clk_IBUF
    BUFGCTRL_X0Y16       BUFG (Prop_bufg_I_O)         0.026     1.086 r  clk_IBUF_BUFG_inst/O
                         net (fo=864, routed)         0.609     1.695    clk_IBUF_BUFG
    SLICE_X99Y99         FDRE                                         r  sqrt_valid_reg/C
  -------------------------------------------------------------------    -------------------
    SLICE_X99Y99         FDRE (Prop_fdre_C_Q)         0.141     1.836 r  sqrt_valid_reg/Q
                         net (fo=16, routed)          0.245     2.081    SQRT_MAP/E[0]
    SLICE_X103Y100       FDRE                                         r  SQRT_MAP/ukupni_parovi_pipe_reg[0][24]/CE
  -------------------------------------------------------------------    -------------------

                         (clock sys_clk_pin rise edge)
                                                      0.000     0.000 r  
    H16                                               0.000     0.000 r  clk (IN)
                         net (fo=0)                   0.000     0.000    clk
    H16                  IBUF (Prop_ibuf_I_O)         0.406     0.406 r  clk_IBUF_inst/O
                         net (fo=1, routed)           0.907     1.313    clk_IBUF
    BUFGCTRL_X0Y16       BUFG (Prop_bufg_I_O)         0.029     1.342 r  clk_IBUF_BUFG_inst/O
                         net (fo=864, routed)         0.965     2.307    SQRT_MAP/clk_IBUF_BUFG
    SLICE_X103Y100       FDRE                                         r  SQRT_MAP/ukupni_parovi_pipe_reg[0][24]/C
                         clock pessimism             -0.261     2.046    
    SLICE_X103Y100       FDRE (Hold_fdre_C_CE)       -0.039     2.007    SQRT_MAP/ukupni_parovi_pipe_reg[0][24]
  -------------------------------------------------------------------
                         required time                         -2.007    
                         arrival time                           2.081    
  -------------------------------------------------------------------
                         slack                                  0.074    

Slack (MET) :             0.074ns  (arrival time - required time)
  Source:                 sqrt_valid_reg/C
                            (rising edge-triggered cell FDRE clocked by sys_clk_pin  {rise@0.000ns fall@4.000ns period=8.000ns})
  Destination:            SQRT_MAP/ukupni_parovi_pipe_reg[0][26]/CE
                            (rising edge-triggered cell FDRE clocked by sys_clk_pin  {rise@0.000ns fall@4.000ns period=8.000ns})
  Path Group:             sys_clk_pin
  Path Type:              Hold (Min at Fast Process Corner)
  Requirement:            0.000ns  (sys_clk_pin rise@0.000ns - sys_clk_pin rise@0.000ns)
  Data Path Delay:        0.386ns  (logic 0.141ns (36.508%)  route 0.245ns (63.492%))
  Logic Levels:           0  
  Clock Path Skew:        0.351ns (DCD - SCD - CPR)
    Destination Clock Delay (DCD):    2.307ns
    Source Clock Delay      (SCD):    1.695ns
    Clock Pessimism Removal (CPR):    0.261ns

    Location             Delay type                Incr(ns)  Path(ns)    Netlist Resource(s)
  -------------------------------------------------------------------    -------------------
                         (clock sys_clk_pin rise edge)
                                                      0.000     0.000 r  
    H16                                               0.000     0.000 r  clk (IN)
                         net (fo=0)                   0.000     0.000    clk
    H16                  IBUF (Prop_ibuf_I_O)         0.219     0.219 r  clk_IBUF_inst/O
                         net (fo=1, routed)           0.842     1.060    clk_IBUF
    BUFGCTRL_X0Y16       BUFG (Prop_bufg_I_O)         0.026     1.086 r  clk_IBUF_BUFG_inst/O
                         net (fo=864, routed)         0.609     1.695    clk_IBUF_BUFG
    SLICE_X99Y99         FDRE                                         r  sqrt_valid_reg/C
  -------------------------------------------------------------------    -------------------
    SLICE_X99Y99         FDRE (Prop_fdre_C_Q)         0.141     1.836 r  sqrt_valid_reg/Q
                         net (fo=16, routed)          0.245     2.081    SQRT_MAP/E[0]
    SLICE_X103Y100       FDRE                                         r  SQRT_MAP/ukupni_parovi_pipe_reg[0][26]/CE
  -------------------------------------------------------------------    -------------------

                         (clock sys_clk_pin rise edge)
                                                      0.000     0.000 r  
    H16                                               0.000     0.000 r  clk (IN)
                         net (fo=0)                   0.000     0.000    clk
    H16                  IBUF (Prop_ibuf_I_O)         0.406     0.406 r  clk_IBUF_inst/O
                         net (fo=1, routed)           0.907     1.313    clk_IBUF
    BUFGCTRL_X0Y16       BUFG (Prop_bufg_I_O)         0.029     1.342 r  clk_IBUF_BUFG_inst/O
                         net (fo=864, routed)         0.965     2.307    SQRT_MAP/clk_IBUF_BUFG
    SLICE_X103Y100       FDRE                                         r  SQRT_MAP/ukupni_parovi_pipe_reg[0][26]/C
                         clock pessimism             -0.261     2.046    
    SLICE_X103Y100       FDRE (Hold_fdre_C_CE)       -0.039     2.007    SQRT_MAP/ukupni_parovi_pipe_reg[0][26]
  -------------------------------------------------------------------
                         required time                         -2.007    
                         arrival time                           2.081    
  -------------------------------------------------------------------
                         slack                                  0.074    

Slack (MET) :             0.074ns  (arrival time - required time)
  Source:                 sqrt_valid_reg/C
                            (rising edge-triggered cell FDRE clocked by sys_clk_pin  {rise@0.000ns fall@4.000ns period=8.000ns})
  Destination:            SQRT_MAP/ukupni_parovi_pipe_reg[0][27]/CE
                            (rising edge-triggered cell FDRE clocked by sys_clk_pin  {rise@0.000ns fall@4.000ns period=8.000ns})
  Path Group:             sys_clk_pin
  Path Type:              Hold (Min at Fast Process Corner)
  Requirement:            0.000ns  (sys_clk_pin rise@0.000ns - sys_clk_pin rise@0.000ns)
  Data Path Delay:        0.386ns  (logic 0.141ns (36.508%)  route 0.245ns (63.492%))
  Logic Levels:           0  
  Clock Path Skew:        0.351ns (DCD - SCD - CPR)
    Destination Clock Delay (DCD):    2.307ns
    Source Clock Delay      (SCD):    1.695ns
    Clock Pessimism Removal (CPR):    0.261ns

    Location             Delay type                Incr(ns)  Path(ns)    Netlist Resource(s)
  -------------------------------------------------------------------    -------------------
                         (clock sys_clk_pin rise edge)
                                                      0.000     0.000 r  
    H16                                               0.000     0.000 r  clk (IN)
                         net (fo=0)                   0.000     0.000    clk
    H16                  IBUF (Prop_ibuf_I_O)         0.219     0.219 r  clk_IBUF_inst/O
                         net (fo=1, routed)           0.842     1.060    clk_IBUF
    BUFGCTRL_X0Y16       BUFG (Prop_bufg_I_O)         0.026     1.086 r  clk_IBUF_BUFG_inst/O
                         net (fo=864, routed)         0.609     1.695    clk_IBUF_BUFG
    SLICE_X99Y99         FDRE                                         r  sqrt_valid_reg/C
  -------------------------------------------------------------------    -------------------
    SLICE_X99Y99         FDRE (Prop_fdre_C_Q)         0.141     1.836 r  sqrt_valid_reg/Q
                         net (fo=16, routed)          0.245     2.081    SQRT_MAP/E[0]
    SLICE_X103Y100       FDRE                                         r  SQRT_MAP/ukupni_parovi_pipe_reg[0][27]/CE
  -------------------------------------------------------------------    -------------------

                         (clock sys_clk_pin rise edge)
                                                      0.000     0.000 r  
    H16                                               0.000     0.000 r  clk (IN)
                         net (fo=0)                   0.000     0.000    clk
    H16                  IBUF (Prop_ibuf_I_O)         0.406     0.406 r  clk_IBUF_inst/O
                         net (fo=1, routed)           0.907     1.313    clk_IBUF
    BUFGCTRL_X0Y16       BUFG (Prop_bufg_I_O)         0.029     1.342 r  clk_IBUF_BUFG_inst/O
                         net (fo=864, routed)         0.965     2.307    SQRT_MAP/clk_IBUF_BUFG
    SLICE_X103Y100       FDRE                                         r  SQRT_MAP/ukupni_parovi_pipe_reg[0][27]/C
                         clock pessimism             -0.261     2.046    
    SLICE_X103Y100       FDRE (Hold_fdre_C_CE)       -0.039     2.007    SQRT_MAP/ukupni_parovi_pipe_reg[0][27]
  -------------------------------------------------------------------
                         required time                         -2.007    
                         arrival time                           2.081    
  -------------------------------------------------------------------
                         slack                                  0.074    

Slack (MET) :             0.074ns  (arrival time - required time)
  Source:                 sqrt_valid_reg/C
                            (rising edge-triggered cell FDRE clocked by sys_clk_pin  {rise@0.000ns fall@4.000ns period=8.000ns})
  Destination:            SQRT_MAP/ukupni_parovi_pipe_reg[0][29]/CE
                            (rising edge-triggered cell FDRE clocked by sys_clk_pin  {rise@0.000ns fall@4.000ns period=8.000ns})
  Path Group:             sys_clk_pin
  Path Type:              Hold (Min at Fast Process Corner)
  Requirement:            0.000ns  (sys_clk_pin rise@0.000ns - sys_clk_pin rise@0.000ns)
  Data Path Delay:        0.386ns  (logic 0.141ns (36.508%)  route 0.245ns (63.492%))
  Logic Levels:           0  
  Clock Path Skew:        0.351ns (DCD - SCD - CPR)
    Destination Clock Delay (DCD):    2.307ns
    Source Clock Delay      (SCD):    1.695ns
    Clock Pessimism Removal (CPR):    0.261ns

    Location             Delay type                Incr(ns)  Path(ns)    Netlist Resource(s)
  -------------------------------------------------------------------    -------------------
                         (clock sys_clk_pin rise edge)
                                                      0.000     0.000 r  
    H16                                               0.000     0.000 r  clk (IN)
                         net (fo=0)                   0.000     0.000    clk
    H16                  IBUF (Prop_ibuf_I_O)         0.219     0.219 r  clk_IBUF_inst/O
                         net (fo=1, routed)           0.842     1.060    clk_IBUF
    BUFGCTRL_X0Y16       BUFG (Prop_bufg_I_O)         0.026     1.086 r  clk_IBUF_BUFG_inst/O
                         net (fo=864, routed)         0.609     1.695    clk_IBUF_BUFG
    SLICE_X99Y99         FDRE                                         r  sqrt_valid_reg/C
  -------------------------------------------------------------------    -------------------
    SLICE_X99Y99         FDRE (Prop_fdre_C_Q)         0.141     1.836 r  sqrt_valid_reg/Q
                         net (fo=16, routed)          0.245     2.081    SQRT_MAP/E[0]
    SLICE_X103Y100       FDRE                                         r  SQRT_MAP/ukupni_parovi_pipe_reg[0][29]/CE
  -------------------------------------------------------------------    -------------------

                         (clock sys_clk_pin rise edge)
                                                      0.000     0.000 r  
    H16                                               0.000     0.000 r  clk (IN)
                         net (fo=0)                   0.000     0.000    clk
    H16                  IBUF (Prop_ibuf_I_O)         0.406     0.406 r  clk_IBUF_inst/O
                         net (fo=1, routed)           0.907     1.313    clk_IBUF
    BUFGCTRL_X0Y16       BUFG (Prop_bufg_I_O)         0.029     1.342 r  clk_IBUF_BUFG_inst/O
                         net (fo=864, routed)         0.965     2.307    SQRT_MAP/clk_IBUF_BUFG
    SLICE_X103Y100       FDRE                                         r  SQRT_MAP/ukupni_parovi_pipe_reg[0][29]/C
                         clock pessimism             -0.261     2.046    
    SLICE_X103Y100       FDRE (Hold_fdre_C_CE)       -0.039     2.007    SQRT_MAP/ukupni_parovi_pipe_reg[0][29]
  -------------------------------------------------------------------
                         required time                         -2.007    
                         arrival time                           2.081    
  -------------------------------------------------------------------
                         slack                                  0.074    





Pulse Width Checks
--------------------------------------------------------------------------------------
Clock Name:         sys_clk_pin
Waveform(ns):       { 0.000 4.000 }
Period(ns):         8.000
Sources:            { clk }

Check Type        Corner  Lib Pin             Reference Pin  Required(ns)  Actual(ns)  Slack(ns)  Location      Pin
Min Period        n/a     DSP48E1/CLK         n/a            3.884         8.000       4.116      DSP48_X4Y38   qdr_grad_H_reg/CLK
Min Period        n/a     RAMB36E1/CLKARDCLK  n/a            3.363         8.000       4.637      RAMB36_X4Y22  IM_MEM/ram_name_reg_0_0/CLKARDCLK
Min Period        n/a     RAMB36E1/CLKARDCLK  n/a            3.363         8.000       4.637      RAMB36_X4Y16  IM_MEM/ram_name_reg_0_1/CLKARDCLK
Min Period        n/a     RAMB36E1/CLKARDCLK  n/a            3.363         8.000       4.637      RAMB36_X4Y20  IM_MEM/ram_name_reg_0_2/CLKARDCLK
Min Period        n/a     RAMB36E1/CLKARDCLK  n/a            3.363         8.000       4.637      RAMB36_X5Y16  IM_MEM/ram_name_reg_0_3/CLKARDCLK
Min Period        n/a     RAMB36E1/CLKARDCLK  n/a            3.363         8.000       4.637      RAMB36_X5Y20  IM_MEM/ram_name_reg_0_4/CLKARDCLK
Min Period        n/a     RAMB36E1/CLKARDCLK  n/a            3.363         8.000       4.637      RAMB36_X4Y18  IM_MEM/ram_name_reg_0_5/CLKARDCLK
Min Period        n/a     RAMB36E1/CLKARDCLK  n/a            3.363         8.000       4.637      RAMB36_X3Y18  IM_MEM/ram_name_reg_0_6/CLKARDCLK
Min Period        n/a     RAMB36E1/CLKARDCLK  n/a            3.363         8.000       4.637      RAMB36_X5Y18  IM_MEM/ram_name_reg_0_7/CLKARDCLK
Min Period        n/a     RAMB36E1/CLKARDCLK  n/a            3.363         8.000       4.637      RAMB36_X4Y23  IM_MEM/ram_name_reg_1_0/CLKARDCLK
Low Pulse Width   Slow    SRLC32E/CLK         n/a            0.980         4.000       3.020      SLICE_X94Y89  LINE_BUFFER_IMPL1/data_reg[127][0]_srl32/CLK
Low Pulse Width   Fast    SRLC32E/CLK         n/a            0.980         4.000       3.020      SLICE_X94Y89  LINE_BUFFER_IMPL1/data_reg[127][0]_srl32/CLK
Low Pulse Width   Slow    SRLC32E/CLK         n/a            0.980         4.000       3.020      SLICE_X92Y91  LINE_BUFFER_IMPL1/data_reg[127][1]_srl32/CLK
Low Pulse Width   Fast    SRLC32E/CLK         n/a            0.980         4.000       3.020      SLICE_X92Y91  LINE_BUFFER_IMPL1/data_reg[127][1]_srl32/CLK
Low Pulse Width   Slow    SRLC32E/CLK         n/a            0.980         4.000       3.020      SLICE_X94Y90  LINE_BUFFER_IMPL1/data_reg[127][2]_srl32/CLK
Low Pulse Width   Fast    SRLC32E/CLK         n/a            0.980         4.000       3.020      SLICE_X94Y90  LINE_BUFFER_IMPL1/data_reg[127][2]_srl32/CLK
Low Pulse Width   Slow    SRLC32E/CLK         n/a            0.980         4.000       3.020      SLICE_X94Y92  LINE_BUFFER_IMPL1/data_reg[127][3]_srl32/CLK
Low Pulse Width   Fast    SRLC32E/CLK         n/a            0.980         4.000       3.020      SLICE_X94Y92  LINE_BUFFER_IMPL1/data_reg[127][3]_srl32/CLK
Low Pulse Width   Slow    SRLC32E/CLK         n/a            0.980         4.000       3.020      SLICE_X90Y96  LINE_BUFFER_IMPL1/data_reg[127][4]_srl32/CLK
Low Pulse Width   Fast    SRLC32E/CLK         n/a            0.980         4.000       3.020      SLICE_X90Y96  LINE_BUFFER_IMPL1/data_reg[127][4]_srl32/CLK
High Pulse Width  Slow    SRLC32E/CLK         n/a            0.980         4.000       3.020      SLICE_X94Y89  LINE_BUFFER_IMPL1/data_reg[127][0]_srl32/CLK
High Pulse Width  Fast    SRLC32E/CLK         n/a            0.980         4.000       3.020      SLICE_X94Y89  LINE_BUFFER_IMPL1/data_reg[127][0]_srl32/CLK
High Pulse Width  Slow    SRLC32E/CLK         n/a            0.980         4.000       3.020      SLICE_X92Y91  LINE_BUFFER_IMPL1/data_reg[127][1]_srl32/CLK
High Pulse Width  Fast    SRLC32E/CLK         n/a            0.980         4.000       3.020      SLICE_X92Y91  LINE_BUFFER_IMPL1/data_reg[127][1]_srl32/CLK
High Pulse Width  Slow    SRLC32E/CLK         n/a            0.980         4.000       3.020      SLICE_X94Y90  LINE_BUFFER_IMPL1/data_reg[127][2]_srl32/CLK
High Pulse Width  Fast    SRLC32E/CLK         n/a            0.980         4.000       3.020      SLICE_X94Y90  LINE_BUFFER_IMPL1/data_reg[127][2]_srl32/CLK
High Pulse Width  Slow    SRLC32E/CLK         n/a            0.980         4.000       3.020      SLICE_X94Y92  LINE_BUFFER_IMPL1/data_reg[127][3]_srl32/CLK
High Pulse Width  Fast    SRLC32E/CLK         n/a            0.980         4.000       3.020      SLICE_X94Y92  LINE_BUFFER_IMPL1/data_reg[127][3]_srl32/CLK
High Pulse Width  Slow    SRLC32E/CLK         n/a            0.980         4.000       3.020      SLICE_X90Y96  LINE_BUFFER_IMPL1/data_reg[127][4]_srl32/CLK
High Pulse Width  Fast    SRLC32E/CLK         n/a            0.980         4.000       3.020      SLICE_X90Y96  LINE_BUFFER_IMPL1/data_reg[127][4]_srl32/CLK



--------------------------------------------------------------------------------------
Path Group:  (none)
From Clock:  sys_clk_pin
  To Clock:  

Max Delay             1 Endpoint
Min Delay             1 Endpoint
--------------------------------------------------------------------------------------


Max Delay Paths
--------------------------------------------------------------------------------------
Slack:                    inf
  Source:                 UART_MAP/tx_reg/C
                            (rising edge-triggered cell FDRE clocked by sys_clk_pin  {rise@0.000ns fall@4.000ns period=8.000ns})
  Destination:            tx
                            (output port)
  Path Group:             (none)
  Path Type:              Max at Slow Process Corner
  Data Path Delay:        10.043ns  (logic 4.044ns (40.269%)  route 5.999ns (59.731%))
  Logic Levels:           1  (OBUF=1)
  Clock Uncertainty:      0.025ns  ((TSJ^2 + TIJ^2)^1/2 + DJ) / 2 + PE
    Total System Jitter     (TSJ):    0.050ns
    Total Input Jitter      (TIJ):    0.000ns
    Discrete Jitter          (DJ):    0.000ns
    Phase Error              (PE):    0.000ns

    Location             Delay type                Incr(ns)  Path(ns)    Netlist Resource(s)
  -------------------------------------------------------------------    -------------------
                         (clock sys_clk_pin rise edge)
                                                      0.000     0.000 r  
    H16                                               0.000     0.000 r  clk (IN)
                         net (fo=0)                   0.000     0.000    clk
    H16                  IBUF (Prop_ibuf_I_O)         1.451     1.451 r  clk_IBUF_inst/O
                         net (fo=1, routed)           2.522     3.973    clk_IBUF
    BUFGCTRL_X0Y16       BUFG (Prop_bufg_I_O)         0.101     4.074 r  clk_IBUF_BUFG_inst/O
                         net (fo=864, routed)         1.721     5.795    UART_MAP/clk_IBUF_BUFG
    SLICE_X81Y93         FDRE                                         r  UART_MAP/tx_reg/C
  -------------------------------------------------------------------    -------------------
    SLICE_X81Y93         FDRE (Prop_fdre_C_Q)         0.456     6.251 r  UART_MAP/tx_reg/Q
                         net (fo=1, routed)           5.999    12.249    tx_OBUF
    Y11                  OBUF (Prop_obuf_I_O)         3.588    15.837 r  tx_OBUF_inst/O
                         net (fo=0)                   0.000    15.837    tx
    Y11                                                               r  tx (OUT)
  -------------------------------------------------------------------    -------------------





Min Delay Paths
--------------------------------------------------------------------------------------
Slack:                    inf
  Source:                 UART_MAP/tx_reg/C
                            (rising edge-triggered cell FDRE clocked by sys_clk_pin  {rise@0.000ns fall@4.000ns period=8.000ns})
  Destination:            tx
                            (output port)
  Path Group:             (none)
  Path Type:              Min at Fast Process Corner
  Data Path Delay:        3.855ns  (logic 1.429ns (37.080%)  route 2.426ns (62.920%))
  Logic Levels:           1  (OBUF=1)
  Clock Uncertainty:      0.025ns  ((TSJ^2 + TIJ^2)^1/2 + DJ) / 2 + PE
    Total System Jitter     (TSJ):    0.050ns
    Total Input Jitter      (TIJ):    0.000ns
    Discrete Jitter          (DJ):    0.000ns
    Phase Error              (PE):    0.000ns

    Location             Delay type                Incr(ns)  Path(ns)    Netlist Resource(s)
  -------------------------------------------------------------------    -------------------
                         (clock sys_clk_pin rise edge)
                                                      0.000     0.000 r  
    H16                                               0.000     0.000 r  clk (IN)
                         net (fo=0)                   0.000     0.000    clk
    H16                  IBUF (Prop_ibuf_I_O)         0.219     0.219 r  clk_IBUF_inst/O
                         net (fo=1, routed)           0.842     1.060    clk_IBUF
    BUFGCTRL_X0Y16       BUFG (Prop_bufg_I_O)         0.026     1.086 r  clk_IBUF_BUFG_inst/O
                         net (fo=864, routed)         0.583     1.669    UART_MAP/clk_IBUF_BUFG
    SLICE_X81Y93         FDRE                                         r  UART_MAP/tx_reg/C
  -------------------------------------------------------------------    -------------------
    SLICE_X81Y93         FDRE (Prop_fdre_C_Q)         0.141     1.810 r  UART_MAP/tx_reg/Q
                         net (fo=1, routed)           2.426     4.236    tx_OBUF
    Y11                  OBUF (Prop_obuf_I_O)         1.288     5.524 r  tx_OBUF_inst/O
                         net (fo=0)                   0.000     5.524    tx
    Y11                                                               r  tx (OUT)
  -------------------------------------------------------------------    -------------------





--------------------------------------------------------------------------------------
Path Group:  (none)
From Clock:  
  To Clock:  sys_clk_pin

Max Delay           622 Endpoints
Min Delay           622 Endpoints
--------------------------------------------------------------------------------------


Max Delay Paths
--------------------------------------------------------------------------------------
Slack:                    inf
  Source:                 reset
                            (input port)
  Destination:            SQRT_MAP/gen_pipeline[5].rem_pipe_reg[6][10]/R
                            (rising edge-triggered cell FDRE clocked by sys_clk_pin  {rise@0.000ns fall@4.000ns period=8.000ns})
  Path Group:             (none)
  Path Type:              Setup (Max at Slow Process Corner)
  Data Path Delay:        9.693ns  (logic 1.542ns (15.911%)  route 8.151ns (84.089%))
  Logic Levels:           1  (IBUF=1)
  Clock Path Skew:        5.547ns (DCD - SCD + CPR)
    Destination Clock Delay (DCD):    5.547ns
    Source Clock Delay      (SCD):    0.000ns
    Clock Pessimism Removal (CPR):    0.000ns
  Clock Uncertainty:      0.025ns  ((TSJ^2 + TIJ^2)^1/2 + DJ) / 2 + PE
    Total System Jitter     (TSJ):    0.050ns
    Total Input Jitter      (TIJ):    0.000ns
    Discrete Jitter          (DJ):    0.000ns
    Phase Error              (PE):    0.000ns

    Location             Delay type                Incr(ns)  Path(ns)    Netlist Resource(s)
  -------------------------------------------------------------------    -------------------
    M20                                               0.000     0.000 r  reset (IN)
                         net (fo=0)                   0.000     0.000    reset
    M20                  IBUF (Prop_ibuf_I_O)         1.542     1.542 r  reset_IBUF_inst/O
                         net (fo=503, routed)         8.151     9.693    SQRT_MAP/reset_IBUF
    SLICE_X97Y103        FDRE                                         r  SQRT_MAP/gen_pipeline[5].rem_pipe_reg[6][10]/R
  -------------------------------------------------------------------    -------------------

                         (clock sys_clk_pin rise edge)
                                                      0.000     0.000 r  
    H16                                               0.000     0.000 r  clk (IN)
                         net (fo=0)                   0.000     0.000    clk
    H16                  IBUF (Prop_ibuf_I_O)         1.380     1.380 r  clk_IBUF_inst/O
                         net (fo=1, routed)           2.293     3.673    clk_IBUF
    BUFGCTRL_X0Y16       BUFG (Prop_bufg_I_O)         0.091     3.764 r  clk_IBUF_BUFG_inst/O
                         net (fo=864, routed)         1.782     5.547    SQRT_MAP/clk_IBUF_BUFG
    SLICE_X97Y103        FDRE                                         r  SQRT_MAP/gen_pipeline[5].rem_pipe_reg[6][10]/C

Slack:                    inf
  Source:                 reset
                            (input port)
  Destination:            SQRT_MAP/gen_pipeline[5].rem_pipe_reg[6][11]/R
                            (rising edge-triggered cell FDRE clocked by sys_clk_pin  {rise@0.000ns fall@4.000ns period=8.000ns})
  Path Group:             (none)
  Path Type:              Setup (Max at Slow Process Corner)
  Data Path Delay:        9.693ns  (logic 1.542ns (15.911%)  route 8.151ns (84.089%))
  Logic Levels:           1  (IBUF=1)
  Clock Path Skew:        5.547ns (DCD - SCD + CPR)
    Destination Clock Delay (DCD):    5.547ns
    Source Clock Delay      (SCD):    0.000ns
    Clock Pessimism Removal (CPR):    0.000ns
  Clock Uncertainty:      0.025ns  ((TSJ^2 + TIJ^2)^1/2 + DJ) / 2 + PE
    Total System Jitter     (TSJ):    0.050ns
    Total Input Jitter      (TIJ):    0.000ns
    Discrete Jitter          (DJ):    0.000ns
    Phase Error              (PE):    0.000ns

    Location             Delay type                Incr(ns)  Path(ns)    Netlist Resource(s)
  -------------------------------------------------------------------    -------------------
    M20                                               0.000     0.000 r  reset (IN)
                         net (fo=0)                   0.000     0.000    reset
    M20                  IBUF (Prop_ibuf_I_O)         1.542     1.542 r  reset_IBUF_inst/O
                         net (fo=503, routed)         8.151     9.693    SQRT_MAP/reset_IBUF
    SLICE_X97Y103        FDRE                                         r  SQRT_MAP/gen_pipeline[5].rem_pipe_reg[6][11]/R
  -------------------------------------------------------------------    -------------------

                         (clock sys_clk_pin rise edge)
                                                      0.000     0.000 r  
    H16                                               0.000     0.000 r  clk (IN)
                         net (fo=0)                   0.000     0.000    clk
    H16                  IBUF (Prop_ibuf_I_O)         1.380     1.380 r  clk_IBUF_inst/O
                         net (fo=1, routed)           2.293     3.673    clk_IBUF
    BUFGCTRL_X0Y16       BUFG (Prop_bufg_I_O)         0.091     3.764 r  clk_IBUF_BUFG_inst/O
                         net (fo=864, routed)         1.782     5.547    SQRT_MAP/clk_IBUF_BUFG
    SLICE_X97Y103        FDRE                                         r  SQRT_MAP/gen_pipeline[5].rem_pipe_reg[6][11]/C

Slack:                    inf
  Source:                 reset
                            (input port)
  Destination:            SQRT_MAP/gen_pipeline[5].rem_pipe_reg[6][8]/R
                            (rising edge-triggered cell FDRE clocked by sys_clk_pin  {rise@0.000ns fall@4.000ns period=8.000ns})
  Path Group:             (none)
  Path Type:              Setup (Max at Slow Process Corner)
  Data Path Delay:        9.693ns  (logic 1.542ns (15.911%)  route 8.151ns (84.089%))
  Logic Levels:           1  (IBUF=1)
  Clock Path Skew:        5.547ns (DCD - SCD + CPR)
    Destination Clock Delay (DCD):    5.547ns
    Source Clock Delay      (SCD):    0.000ns
    Clock Pessimism Removal (CPR):    0.000ns
  Clock Uncertainty:      0.025ns  ((TSJ^2 + TIJ^2)^1/2 + DJ) / 2 + PE
    Total System Jitter     (TSJ):    0.050ns
    Total Input Jitter      (TIJ):    0.000ns
    Discrete Jitter          (DJ):    0.000ns
    Phase Error              (PE):    0.000ns

    Location             Delay type                Incr(ns)  Path(ns)    Netlist Resource(s)
  -------------------------------------------------------------------    -------------------
    M20                                               0.000     0.000 r  reset (IN)
                         net (fo=0)                   0.000     0.000    reset
    M20                  IBUF (Prop_ibuf_I_O)         1.542     1.542 r  reset_IBUF_inst/O
                         net (fo=503, routed)         8.151     9.693    SQRT_MAP/reset_IBUF
    SLICE_X97Y103        FDRE                                         r  SQRT_MAP/gen_pipeline[5].rem_pipe_reg[6][8]/R
  -------------------------------------------------------------------    -------------------

                         (clock sys_clk_pin rise edge)
                                                      0.000     0.000 r  
    H16                                               0.000     0.000 r  clk (IN)
                         net (fo=0)                   0.000     0.000    clk
    H16                  IBUF (Prop_ibuf_I_O)         1.380     1.380 r  clk_IBUF_inst/O
                         net (fo=1, routed)           2.293     3.673    clk_IBUF
    BUFGCTRL_X0Y16       BUFG (Prop_bufg_I_O)         0.091     3.764 r  clk_IBUF_BUFG_inst/O
                         net (fo=864, routed)         1.782     5.547    SQRT_MAP/clk_IBUF_BUFG
    SLICE_X97Y103        FDRE                                         r  SQRT_MAP/gen_pipeline[5].rem_pipe_reg[6][8]/C

Slack:                    inf
  Source:                 reset
                            (input port)
  Destination:            SQRT_MAP/gen_pipeline[5].rem_pipe_reg[6][9]/R
                            (rising edge-triggered cell FDRE clocked by sys_clk_pin  {rise@0.000ns fall@4.000ns period=8.000ns})
  Path Group:             (none)
  Path Type:              Setup (Max at Slow Process Corner)
  Data Path Delay:        9.693ns  (logic 1.542ns (15.911%)  route 8.151ns (84.089%))
  Logic Levels:           1  (IBUF=1)
  Clock Path Skew:        5.547ns (DCD - SCD + CPR)
    Destination Clock Delay (DCD):    5.547ns
    Source Clock Delay      (SCD):    0.000ns
    Clock Pessimism Removal (CPR):    0.000ns
  Clock Uncertainty:      0.025ns  ((TSJ^2 + TIJ^2)^1/2 + DJ) / 2 + PE
    Total System Jitter     (TSJ):    0.050ns
    Total Input Jitter      (TIJ):    0.000ns
    Discrete Jitter          (DJ):    0.000ns
    Phase Error              (PE):    0.000ns

    Location             Delay type                Incr(ns)  Path(ns)    Netlist Resource(s)
  -------------------------------------------------------------------    -------------------
    M20                                               0.000     0.000 r  reset (IN)
                         net (fo=0)                   0.000     0.000    reset
    M20                  IBUF (Prop_ibuf_I_O)         1.542     1.542 r  reset_IBUF_inst/O
                         net (fo=503, routed)         8.151     9.693    SQRT_MAP/reset_IBUF
    SLICE_X97Y103        FDRE                                         r  SQRT_MAP/gen_pipeline[5].rem_pipe_reg[6][9]/R
  -------------------------------------------------------------------    -------------------

                         (clock sys_clk_pin rise edge)
                                                      0.000     0.000 r  
    H16                                               0.000     0.000 r  clk (IN)
                         net (fo=0)                   0.000     0.000    clk
    H16                  IBUF (Prop_ibuf_I_O)         1.380     1.380 r  clk_IBUF_inst/O
                         net (fo=1, routed)           2.293     3.673    clk_IBUF
    BUFGCTRL_X0Y16       BUFG (Prop_bufg_I_O)         0.091     3.764 r  clk_IBUF_BUFG_inst/O
                         net (fo=864, routed)         1.782     5.547    SQRT_MAP/clk_IBUF_BUFG
    SLICE_X97Y103        FDRE                                         r  SQRT_MAP/gen_pipeline[5].rem_pipe_reg[6][9]/C

Slack:                    inf
  Source:                 reset
                            (input port)
  Destination:            SQRT_MAP/gen_pipeline[9].root_pipe_reg[10][4]/R
                            (rising edge-triggered cell FDRE clocked by sys_clk_pin  {rise@0.000ns fall@4.000ns period=8.000ns})
  Path Group:             (none)
  Path Type:              Setup (Max at Slow Process Corner)
  Data Path Delay:        9.693ns  (logic 1.542ns (15.911%)  route 8.151ns (84.089%))
  Logic Levels:           1  (IBUF=1)
  Clock Path Skew:        5.547ns (DCD - SCD + CPR)
    Destination Clock Delay (DCD):    5.547ns
    Source Clock Delay      (SCD):    0.000ns
    Clock Pessimism Removal (CPR):    0.000ns
  Clock Uncertainty:      0.025ns  ((TSJ^2 + TIJ^2)^1/2 + DJ) / 2 + PE
    Total System Jitter     (TSJ):    0.050ns
    Total Input Jitter      (TIJ):    0.000ns
    Discrete Jitter          (DJ):    0.000ns
    Phase Error              (PE):    0.000ns

    Location             Delay type                Incr(ns)  Path(ns)    Netlist Resource(s)
  -------------------------------------------------------------------    -------------------
    M20                                               0.000     0.000 r  reset (IN)
                         net (fo=0)                   0.000     0.000    reset
    M20                  IBUF (Prop_ibuf_I_O)         1.542     1.542 r  reset_IBUF_inst/O
                         net (fo=503, routed)         8.151     9.693    SQRT_MAP/reset_IBUF
    SLICE_X96Y103        FDRE                                         r  SQRT_MAP/gen_pipeline[9].root_pipe_reg[10][4]/R
  -------------------------------------------------------------------    -------------------

                         (clock sys_clk_pin rise edge)
                                                      0.000     0.000 r  
    H16                                               0.000     0.000 r  clk (IN)
                         net (fo=0)                   0.000     0.000    clk
    H16                  IBUF (Prop_ibuf_I_O)         1.380     1.380 r  clk_IBUF_inst/O
                         net (fo=1, routed)           2.293     3.673    clk_IBUF
    BUFGCTRL_X0Y16       BUFG (Prop_bufg_I_O)         0.091     3.764 r  clk_IBUF_BUFG_inst/O
                         net (fo=864, routed)         1.782     5.547    SQRT_MAP/clk_IBUF_BUFG
    SLICE_X96Y103        FDRE                                         r  SQRT_MAP/gen_pipeline[9].root_pipe_reg[10][4]/C

Slack:                    inf
  Source:                 reset
                            (input port)
  Destination:            SQRT_MAP/gen_pipeline[9].root_pipe_reg[10][5]/R
                            (rising edge-triggered cell FDRE clocked by sys_clk_pin  {rise@0.000ns fall@4.000ns period=8.000ns})
  Path Group:             (none)
  Path Type:              Setup (Max at Slow Process Corner)
  Data Path Delay:        9.693ns  (logic 1.542ns (15.911%)  route 8.151ns (84.089%))
  Logic Levels:           1  (IBUF=1)
  Clock Path Skew:        5.547ns (DCD - SCD + CPR)
    Destination Clock Delay (DCD):    5.547ns
    Source Clock Delay      (SCD):    0.000ns
    Clock Pessimism Removal (CPR):    0.000ns
  Clock Uncertainty:      0.025ns  ((TSJ^2 + TIJ^2)^1/2 + DJ) / 2 + PE
    Total System Jitter     (TSJ):    0.050ns
    Total Input Jitter      (TIJ):    0.000ns
    Discrete Jitter          (DJ):    0.000ns
    Phase Error              (PE):    0.000ns

    Location             Delay type                Incr(ns)  Path(ns)    Netlist Resource(s)
  -------------------------------------------------------------------    -------------------
    M20                                               0.000     0.000 r  reset (IN)
                         net (fo=0)                   0.000     0.000    reset
    M20                  IBUF (Prop_ibuf_I_O)         1.542     1.542 r  reset_IBUF_inst/O
                         net (fo=503, routed)         8.151     9.693    SQRT_MAP/reset_IBUF
    SLICE_X96Y103        FDRE                                         r  SQRT_MAP/gen_pipeline[9].root_pipe_reg[10][5]/R
  -------------------------------------------------------------------    -------------------

                         (clock sys_clk_pin rise edge)
                                                      0.000     0.000 r  
    H16                                               0.000     0.000 r  clk (IN)
                         net (fo=0)                   0.000     0.000    clk
    H16                  IBUF (Prop_ibuf_I_O)         1.380     1.380 r  clk_IBUF_inst/O
                         net (fo=1, routed)           2.293     3.673    clk_IBUF
    BUFGCTRL_X0Y16       BUFG (Prop_bufg_I_O)         0.091     3.764 r  clk_IBUF_BUFG_inst/O
                         net (fo=864, routed)         1.782     5.547    SQRT_MAP/clk_IBUF_BUFG
    SLICE_X96Y103        FDRE                                         r  SQRT_MAP/gen_pipeline[9].root_pipe_reg[10][5]/C

Slack:                    inf
  Source:                 reset
                            (input port)
  Destination:            SQRT_MAP/gen_pipeline[5].rem_pipe_reg[6][4]/R
                            (rising edge-triggered cell FDRE clocked by sys_clk_pin  {rise@0.000ns fall@4.000ns period=8.000ns})
  Path Group:             (none)
  Path Type:              Setup (Max at Slow Process Corner)
  Data Path Delay:        9.547ns  (logic 1.542ns (16.154%)  route 8.005ns (83.846%))
  Logic Levels:           1  (IBUF=1)
  Clock Path Skew:        5.548ns (DCD - SCD + CPR)
    Destination Clock Delay (DCD):    5.548ns
    Source Clock Delay      (SCD):    0.000ns
    Clock Pessimism Removal (CPR):    0.000ns
  Clock Uncertainty:      0.025ns  ((TSJ^2 + TIJ^2)^1/2 + DJ) / 2 + PE
    Total System Jitter     (TSJ):    0.050ns
    Total Input Jitter      (TIJ):    0.000ns
    Discrete Jitter          (DJ):    0.000ns
    Phase Error              (PE):    0.000ns

    Location             Delay type                Incr(ns)  Path(ns)    Netlist Resource(s)
  -------------------------------------------------------------------    -------------------
    M20                                               0.000     0.000 r  reset (IN)
                         net (fo=0)                   0.000     0.000    reset
    M20                  IBUF (Prop_ibuf_I_O)         1.542     1.542 r  reset_IBUF_inst/O
                         net (fo=503, routed)         8.005     9.547    SQRT_MAP/reset_IBUF
    SLICE_X97Y102        FDRE                                         r  SQRT_MAP/gen_pipeline[5].rem_pipe_reg[6][4]/R
  -------------------------------------------------------------------    -------------------

                         (clock sys_clk_pin rise edge)
                                                      0.000     0.000 r  
    H16                                               0.000     0.000 r  clk (IN)
                         net (fo=0)                   0.000     0.000    clk
    H16                  IBUF (Prop_ibuf_I_O)         1.380     1.380 r  clk_IBUF_inst/O
                         net (fo=1, routed)           2.293     3.673    clk_IBUF
    BUFGCTRL_X0Y16       BUFG (Prop_bufg_I_O)         0.091     3.764 r  clk_IBUF_BUFG_inst/O
                         net (fo=864, routed)         1.783     5.548    SQRT_MAP/clk_IBUF_BUFG
    SLICE_X97Y102        FDRE                                         r  SQRT_MAP/gen_pipeline[5].rem_pipe_reg[6][4]/C

Slack:                    inf
  Source:                 reset
                            (input port)
  Destination:            SQRT_MAP/gen_pipeline[5].rem_pipe_reg[6][5]/R
                            (rising edge-triggered cell FDRE clocked by sys_clk_pin  {rise@0.000ns fall@4.000ns period=8.000ns})
  Path Group:             (none)
  Path Type:              Setup (Max at Slow Process Corner)
  Data Path Delay:        9.547ns  (logic 1.542ns (16.154%)  route 8.005ns (83.846%))
  Logic Levels:           1  (IBUF=1)
  Clock Path Skew:        5.548ns (DCD - SCD + CPR)
    Destination Clock Delay (DCD):    5.548ns
    Source Clock Delay      (SCD):    0.000ns
    Clock Pessimism Removal (CPR):    0.000ns
  Clock Uncertainty:      0.025ns  ((TSJ^2 + TIJ^2)^1/2 + DJ) / 2 + PE
    Total System Jitter     (TSJ):    0.050ns
    Total Input Jitter      (TIJ):    0.000ns
    Discrete Jitter          (DJ):    0.000ns
    Phase Error              (PE):    0.000ns

    Location             Delay type                Incr(ns)  Path(ns)    Netlist Resource(s)
  -------------------------------------------------------------------    -------------------
    M20                                               0.000     0.000 r  reset (IN)
                         net (fo=0)                   0.000     0.000    reset
    M20                  IBUF (Prop_ibuf_I_O)         1.542     1.542 r  reset_IBUF_inst/O
                         net (fo=503, routed)         8.005     9.547    SQRT_MAP/reset_IBUF
    SLICE_X97Y102        FDRE                                         r  SQRT_MAP/gen_pipeline[5].rem_pipe_reg[6][5]/R
  -------------------------------------------------------------------    -------------------

                         (clock sys_clk_pin rise edge)
                                                      0.000     0.000 r  
    H16                                               0.000     0.000 r  clk (IN)
                         net (fo=0)                   0.000     0.000    clk
    H16                  IBUF (Prop_ibuf_I_O)         1.380     1.380 r  clk_IBUF_inst/O
                         net (fo=1, routed)           2.293     3.673    clk_IBUF
    BUFGCTRL_X0Y16       BUFG (Prop_bufg_I_O)         0.091     3.764 r  clk_IBUF_BUFG_inst/O
                         net (fo=864, routed)         1.783     5.548    SQRT_MAP/clk_IBUF_BUFG
    SLICE_X97Y102        FDRE                                         r  SQRT_MAP/gen_pipeline[5].rem_pipe_reg[6][5]/C

Slack:                    inf
  Source:                 reset
                            (input port)
  Destination:            SQRT_MAP/gen_pipeline[5].rem_pipe_reg[6][6]/R
                            (rising edge-triggered cell FDRE clocked by sys_clk_pin  {rise@0.000ns fall@4.000ns period=8.000ns})
  Path Group:             (none)
  Path Type:              Setup (Max at Slow Process Corner)
  Data Path Delay:        9.547ns  (logic 1.542ns (16.154%)  route 8.005ns (83.846%))
  Logic Levels:           1  (IBUF=1)
  Clock Path Skew:        5.548ns (DCD - SCD + CPR)
    Destination Clock Delay (DCD):    5.548ns
    Source Clock Delay      (SCD):    0.000ns
    Clock Pessimism Removal (CPR):    0.000ns
  Clock Uncertainty:      0.025ns  ((TSJ^2 + TIJ^2)^1/2 + DJ) / 2 + PE
    Total System Jitter     (TSJ):    0.050ns
    Total Input Jitter      (TIJ):    0.000ns
    Discrete Jitter          (DJ):    0.000ns
    Phase Error              (PE):    0.000ns

    Location             Delay type                Incr(ns)  Path(ns)    Netlist Resource(s)
  -------------------------------------------------------------------    -------------------
    M20                                               0.000     0.000 r  reset (IN)
                         net (fo=0)                   0.000     0.000    reset
    M20                  IBUF (Prop_ibuf_I_O)         1.542     1.542 r  reset_IBUF_inst/O
                         net (fo=503, routed)         8.005     9.547    SQRT_MAP/reset_IBUF
    SLICE_X97Y102        FDRE                                         r  SQRT_MAP/gen_pipeline[5].rem_pipe_reg[6][6]/R
  -------------------------------------------------------------------    -------------------

                         (clock sys_clk_pin rise edge)
                                                      0.000     0.000 r  
    H16                                               0.000     0.000 r  clk (IN)
                         net (fo=0)                   0.000     0.000    clk
    H16                  IBUF (Prop_ibuf_I_O)         1.380     1.380 r  clk_IBUF_inst/O
                         net (fo=1, routed)           2.293     3.673    clk_IBUF
    BUFGCTRL_X0Y16       BUFG (Prop_bufg_I_O)         0.091     3.764 r  clk_IBUF_BUFG_inst/O
                         net (fo=864, routed)         1.783     5.548    SQRT_MAP/clk_IBUF_BUFG
    SLICE_X97Y102        FDRE                                         r  SQRT_MAP/gen_pipeline[5].rem_pipe_reg[6][6]/C

Slack:                    inf
  Source:                 reset
                            (input port)
  Destination:            SQRT_MAP/gen_pipeline[5].rem_pipe_reg[6][7]/R
                            (rising edge-triggered cell FDRE clocked by sys_clk_pin  {rise@0.000ns fall@4.000ns period=8.000ns})
  Path Group:             (none)
  Path Type:              Setup (Max at Slow Process Corner)
  Data Path Delay:        9.547ns  (logic 1.542ns (16.154%)  route 8.005ns (83.846%))
  Logic Levels:           1  (IBUF=1)
  Clock Path Skew:        5.548ns (DCD - SCD + CPR)
    Destination Clock Delay (DCD):    5.548ns
    Source Clock Delay      (SCD):    0.000ns
    Clock Pessimism Removal (CPR):    0.000ns
  Clock Uncertainty:      0.025ns  ((TSJ^2 + TIJ^2)^1/2 + DJ) / 2 + PE
    Total System Jitter     (TSJ):    0.050ns
    Total Input Jitter      (TIJ):    0.000ns
    Discrete Jitter          (DJ):    0.000ns
    Phase Error              (PE):    0.000ns

    Location             Delay type                Incr(ns)  Path(ns)    Netlist Resource(s)
  -------------------------------------------------------------------    -------------------
    M20                                               0.000     0.000 r  reset (IN)
                         net (fo=0)                   0.000     0.000    reset
    M20                  IBUF (Prop_ibuf_I_O)         1.542     1.542 r  reset_IBUF_inst/O
                         net (fo=503, routed)         8.005     9.547    SQRT_MAP/reset_IBUF
    SLICE_X97Y102        FDRE                                         r  SQRT_MAP/gen_pipeline[5].rem_pipe_reg[6][7]/R
  -------------------------------------------------------------------    -------------------

                         (clock sys_clk_pin rise edge)
                                                      0.000     0.000 r  
    H16                                               0.000     0.000 r  clk (IN)
                         net (fo=0)                   0.000     0.000    clk
    H16                  IBUF (Prop_ibuf_I_O)         1.380     1.380 r  clk_IBUF_inst/O
                         net (fo=1, routed)           2.293     3.673    clk_IBUF
    BUFGCTRL_X0Y16       BUFG (Prop_bufg_I_O)         0.091     3.764 r  clk_IBUF_BUFG_inst/O
                         net (fo=864, routed)         1.783     5.548    SQRT_MAP/clk_IBUF_BUFG
    SLICE_X97Y102        FDRE                                         r  SQRT_MAP/gen_pipeline[5].rem_pipe_reg[6][7]/C





Min Delay Paths
--------------------------------------------------------------------------------------
Slack:                    inf
  Source:                 reset
                            (input port)
  Destination:            SQRT_MAP/gen_pipeline[1].rem_pipe_reg[2][28]/R
                            (rising edge-triggered cell FDRE clocked by sys_clk_pin  {rise@0.000ns fall@4.000ns period=8.000ns})
  Path Group:             (none)
  Path Type:              Hold (Min at Fast Process Corner)
  Data Path Delay:        1.122ns  (logic 0.309ns (27.578%)  route 0.813ns (72.422%))
  Logic Levels:           1  (IBUF=1)
  Clock Path Skew:        2.307ns (DCD - SCD - CPR)
    Destination Clock Delay (DCD):    2.307ns
    Source Clock Delay      (SCD):    0.000ns
    Clock Pessimism Removal (CPR):    -0.000ns

    Location             Delay type                Incr(ns)  Path(ns)    Netlist Resource(s)
  -------------------------------------------------------------------    -------------------
    M20                                               0.000     0.000 r  reset (IN)
                         net (fo=0)                   0.000     0.000    reset
    M20                  IBUF (Prop_ibuf_I_O)         0.309     0.309 r  reset_IBUF_inst/O
                         net (fo=503, routed)         0.813     1.122    SQRT_MAP/reset_IBUF
    SLICE_X104Y105       FDRE                                         r  SQRT_MAP/gen_pipeline[1].rem_pipe_reg[2][28]/R
  -------------------------------------------------------------------    -------------------

                         (clock sys_clk_pin rise edge)
                                                      0.000     0.000 r  
    H16                                               0.000     0.000 r  clk (IN)
                         net (fo=0)                   0.000     0.000    clk
    H16                  IBUF (Prop_ibuf_I_O)         0.406     0.406 r  clk_IBUF_inst/O
                         net (fo=1, routed)           0.907     1.313    clk_IBUF
    BUFGCTRL_X0Y16       BUFG (Prop_bufg_I_O)         0.029     1.342 r  clk_IBUF_BUFG_inst/O
                         net (fo=864, routed)         0.965     2.307    SQRT_MAP/clk_IBUF_BUFG
    SLICE_X104Y105       FDRE                                         r  SQRT_MAP/gen_pipeline[1].rem_pipe_reg[2][28]/C

Slack:                    inf
  Source:                 reset
                            (input port)
  Destination:            SQRT_MAP/gen_pipeline[1].rem_pipe_reg[2][29]/R
                            (rising edge-triggered cell FDRE clocked by sys_clk_pin  {rise@0.000ns fall@4.000ns period=8.000ns})
  Path Group:             (none)
  Path Type:              Hold (Min at Fast Process Corner)
  Data Path Delay:        1.122ns  (logic 0.309ns (27.578%)  route 0.813ns (72.422%))
  Logic Levels:           1  (IBUF=1)
  Clock Path Skew:        2.307ns (DCD - SCD - CPR)
    Destination Clock Delay (DCD):    2.307ns
    Source Clock Delay      (SCD):    0.000ns
    Clock Pessimism Removal (CPR):    -0.000ns

    Location             Delay type                Incr(ns)  Path(ns)    Netlist Resource(s)
  -------------------------------------------------------------------    -------------------
    M20                                               0.000     0.000 r  reset (IN)
                         net (fo=0)                   0.000     0.000    reset
    M20                  IBUF (Prop_ibuf_I_O)         0.309     0.309 r  reset_IBUF_inst/O
                         net (fo=503, routed)         0.813     1.122    SQRT_MAP/reset_IBUF
    SLICE_X104Y105       FDRE                                         r  SQRT_MAP/gen_pipeline[1].rem_pipe_reg[2][29]/R
  -------------------------------------------------------------------    -------------------

                         (clock sys_clk_pin rise edge)
                                                      0.000     0.000 r  
    H16                                               0.000     0.000 r  clk (IN)
                         net (fo=0)                   0.000     0.000    clk
    H16                  IBUF (Prop_ibuf_I_O)         0.406     0.406 r  clk_IBUF_inst/O
                         net (fo=1, routed)           0.907     1.313    clk_IBUF
    BUFGCTRL_X0Y16       BUFG (Prop_bufg_I_O)         0.029     1.342 r  clk_IBUF_BUFG_inst/O
                         net (fo=864, routed)         0.965     2.307    SQRT_MAP/clk_IBUF_BUFG
    SLICE_X104Y105       FDRE                                         r  SQRT_MAP/gen_pipeline[1].rem_pipe_reg[2][29]/C

Slack:                    inf
  Source:                 reset
                            (input port)
  Destination:            SQRT_MAP/gen_pipeline[1].rem_pipe_reg[2][30]/R
                            (rising edge-triggered cell FDRE clocked by sys_clk_pin  {rise@0.000ns fall@4.000ns period=8.000ns})
  Path Group:             (none)
  Path Type:              Hold (Min at Fast Process Corner)
  Data Path Delay:        1.122ns  (logic 0.309ns (27.578%)  route 0.813ns (72.422%))
  Logic Levels:           1  (IBUF=1)
  Clock Path Skew:        2.307ns (DCD - SCD - CPR)
    Destination Clock Delay (DCD):    2.307ns
    Source Clock Delay      (SCD):    0.000ns
    Clock Pessimism Removal (CPR):    -0.000ns

    Location             Delay type                Incr(ns)  Path(ns)    Netlist Resource(s)
  -------------------------------------------------------------------    -------------------
    M20                                               0.000     0.000 r  reset (IN)
                         net (fo=0)                   0.000     0.000    reset
    M20                  IBUF (Prop_ibuf_I_O)         0.309     0.309 r  reset_IBUF_inst/O
                         net (fo=503, routed)         0.813     1.122    SQRT_MAP/reset_IBUF
    SLICE_X104Y105       FDRE                                         r  SQRT_MAP/gen_pipeline[1].rem_pipe_reg[2][30]/R
  -------------------------------------------------------------------    -------------------

                         (clock sys_clk_pin rise edge)
                                                      0.000     0.000 r  
    H16                                               0.000     0.000 r  clk (IN)
                         net (fo=0)                   0.000     0.000    clk
    H16                  IBUF (Prop_ibuf_I_O)         0.406     0.406 r  clk_IBUF_inst/O
                         net (fo=1, routed)           0.907     1.313    clk_IBUF
    BUFGCTRL_X0Y16       BUFG (Prop_bufg_I_O)         0.029     1.342 r  clk_IBUF_BUFG_inst/O
                         net (fo=864, routed)         0.965     2.307    SQRT_MAP/clk_IBUF_BUFG
    SLICE_X104Y105       FDRE                                         r  SQRT_MAP/gen_pipeline[1].rem_pipe_reg[2][30]/C

Slack:                    inf
  Source:                 reset
                            (input port)
  Destination:            SQRT_MAP/gen_pipeline[1].rem_pipe_reg[2][31]/R
                            (rising edge-triggered cell FDRE clocked by sys_clk_pin  {rise@0.000ns fall@4.000ns period=8.000ns})
  Path Group:             (none)
  Path Type:              Hold (Min at Fast Process Corner)
  Data Path Delay:        1.122ns  (logic 0.309ns (27.578%)  route 0.813ns (72.422%))
  Logic Levels:           1  (IBUF=1)
  Clock Path Skew:        2.307ns (DCD - SCD - CPR)
    Destination Clock Delay (DCD):    2.307ns
    Source Clock Delay      (SCD):    0.000ns
    Clock Pessimism Removal (CPR):    -0.000ns

    Location             Delay type                Incr(ns)  Path(ns)    Netlist Resource(s)
  -------------------------------------------------------------------    -------------------
    M20                                               0.000     0.000 r  reset (IN)
                         net (fo=0)                   0.000     0.000    reset
    M20                  IBUF (Prop_ibuf_I_O)         0.309     0.309 r  reset_IBUF_inst/O
                         net (fo=503, routed)         0.813     1.122    SQRT_MAP/reset_IBUF
    SLICE_X104Y105       FDRE                                         r  SQRT_MAP/gen_pipeline[1].rem_pipe_reg[2][31]/R
  -------------------------------------------------------------------    -------------------

                         (clock sys_clk_pin rise edge)
                                                      0.000     0.000 r  
    H16                                               0.000     0.000 r  clk (IN)
                         net (fo=0)                   0.000     0.000    clk
    H16                  IBUF (Prop_ibuf_I_O)         0.406     0.406 r  clk_IBUF_inst/O
                         net (fo=1, routed)           0.907     1.313    clk_IBUF
    BUFGCTRL_X0Y16       BUFG (Prop_bufg_I_O)         0.029     1.342 r  clk_IBUF_BUFG_inst/O
                         net (fo=864, routed)         0.965     2.307    SQRT_MAP/clk_IBUF_BUFG
    SLICE_X104Y105       FDRE                                         r  SQRT_MAP/gen_pipeline[1].rem_pipe_reg[2][31]/C

Slack:                    inf
  Source:                 reset
                            (input port)
  Destination:            SQRT_MAP/gen_pipeline[1].rem_pipe_reg[2][24]/R
                            (rising edge-triggered cell FDRE clocked by sys_clk_pin  {rise@0.000ns fall@4.000ns period=8.000ns})
  Path Group:             (none)
  Path Type:              Hold (Min at Fast Process Corner)
  Data Path Delay:        1.186ns  (logic 0.309ns (26.084%)  route 0.877ns (73.916%))
  Logic Levels:           1  (IBUF=1)
  Clock Path Skew:        2.307ns (DCD - SCD - CPR)
    Destination Clock Delay (DCD):    2.307ns
    Source Clock Delay      (SCD):    0.000ns
    Clock Pessimism Removal (CPR):    -0.000ns

    Location             Delay type                Incr(ns)  Path(ns)    Netlist Resource(s)
  -------------------------------------------------------------------    -------------------
    M20                                               0.000     0.000 r  reset (IN)
                         net (fo=0)                   0.000     0.000    reset
    M20                  IBUF (Prop_ibuf_I_O)         0.309     0.309 r  reset_IBUF_inst/O
                         net (fo=503, routed)         0.877     1.186    SQRT_MAP/reset_IBUF
    SLICE_X104Y104       FDRE                                         r  SQRT_MAP/gen_pipeline[1].rem_pipe_reg[2][24]/R
  -------------------------------------------------------------------    -------------------

                         (clock sys_clk_pin rise edge)
                                                      0.000     0.000 r  
    H16                                               0.000     0.000 r  clk (IN)
                         net (fo=0)                   0.000     0.000    clk
    H16                  IBUF (Prop_ibuf_I_O)         0.406     0.406 r  clk_IBUF_inst/O
                         net (fo=1, routed)           0.907     1.313    clk_IBUF
    BUFGCTRL_X0Y16       BUFG (Prop_bufg_I_O)         0.029     1.342 r  clk_IBUF_BUFG_inst/O
                         net (fo=864, routed)         0.965     2.307    SQRT_MAP/clk_IBUF_BUFG
    SLICE_X104Y104       FDRE                                         r  SQRT_MAP/gen_pipeline[1].rem_pipe_reg[2][24]/C

Slack:                    inf
  Source:                 reset
                            (input port)
  Destination:            SQRT_MAP/gen_pipeline[1].rem_pipe_reg[2][25]/R
                            (rising edge-triggered cell FDRE clocked by sys_clk_pin  {rise@0.000ns fall@4.000ns period=8.000ns})
  Path Group:             (none)
  Path Type:              Hold (Min at Fast Process Corner)
  Data Path Delay:        1.186ns  (logic 0.309ns (26.084%)  route 0.877ns (73.916%))
  Logic Levels:           1  (IBUF=1)
  Clock Path Skew:        2.307ns (DCD - SCD - CPR)
    Destination Clock Delay (DCD):    2.307ns
    Source Clock Delay      (SCD):    0.000ns
    Clock Pessimism Removal (CPR):    -0.000ns

    Location             Delay type                Incr(ns)  Path(ns)    Netlist Resource(s)
  -------------------------------------------------------------------    -------------------
    M20                                               0.000     0.000 r  reset (IN)
                         net (fo=0)                   0.000     0.000    reset
    M20                  IBUF (Prop_ibuf_I_O)         0.309     0.309 r  reset_IBUF_inst/O
                         net (fo=503, routed)         0.877     1.186    SQRT_MAP/reset_IBUF
    SLICE_X104Y104       FDRE                                         r  SQRT_MAP/gen_pipeline[1].rem_pipe_reg[2][25]/R
  -------------------------------------------------------------------    -------------------

                         (clock sys_clk_pin rise edge)
                                                      0.000     0.000 r  
    H16                                               0.000     0.000 r  clk (IN)
                         net (fo=0)                   0.000     0.000    clk
    H16                  IBUF (Prop_ibuf_I_O)         0.406     0.406 r  clk_IBUF_inst/O
                         net (fo=1, routed)           0.907     1.313    clk_IBUF
    BUFGCTRL_X0Y16       BUFG (Prop_bufg_I_O)         0.029     1.342 r  clk_IBUF_BUFG_inst/O
                         net (fo=864, routed)         0.965     2.307    SQRT_MAP/clk_IBUF_BUFG
    SLICE_X104Y104       FDRE                                         r  SQRT_MAP/gen_pipeline[1].rem_pipe_reg[2][25]/C

Slack:                    inf
  Source:                 reset
                            (input port)
  Destination:            SQRT_MAP/gen_pipeline[1].rem_pipe_reg[2][26]/R
                            (rising edge-triggered cell FDRE clocked by sys_clk_pin  {rise@0.000ns fall@4.000ns period=8.000ns})
  Path Group:             (none)
  Path Type:              Hold (Min at Fast Process Corner)
  Data Path Delay:        1.186ns  (logic 0.309ns (26.084%)  route 0.877ns (73.916%))
  Logic Levels:           1  (IBUF=1)
  Clock Path Skew:        2.307ns (DCD - SCD - CPR)
    Destination Clock Delay (DCD):    2.307ns
    Source Clock Delay      (SCD):    0.000ns
    Clock Pessimism Removal (CPR):    -0.000ns

    Location             Delay type                Incr(ns)  Path(ns)    Netlist Resource(s)
  -------------------------------------------------------------------    -------------------
    M20                                               0.000     0.000 r  reset (IN)
                         net (fo=0)                   0.000     0.000    reset
    M20                  IBUF (Prop_ibuf_I_O)         0.309     0.309 r  reset_IBUF_inst/O
                         net (fo=503, routed)         0.877     1.186    SQRT_MAP/reset_IBUF
    SLICE_X104Y104       FDRE                                         r  SQRT_MAP/gen_pipeline[1].rem_pipe_reg[2][26]/R
  -------------------------------------------------------------------    -------------------

                         (clock sys_clk_pin rise edge)
                                                      0.000     0.000 r  
    H16                                               0.000     0.000 r  clk (IN)
                         net (fo=0)                   0.000     0.000    clk
    H16                  IBUF (Prop_ibuf_I_O)         0.406     0.406 r  clk_IBUF_inst/O
                         net (fo=1, routed)           0.907     1.313    clk_IBUF
    BUFGCTRL_X0Y16       BUFG (Prop_bufg_I_O)         0.029     1.342 r  clk_IBUF_BUFG_inst/O
                         net (fo=864, routed)         0.965     2.307    SQRT_MAP/clk_IBUF_BUFG
    SLICE_X104Y104       FDRE                                         r  SQRT_MAP/gen_pipeline[1].rem_pipe_reg[2][26]/C

Slack:                    inf
  Source:                 reset
                            (input port)
  Destination:            SQRT_MAP/gen_pipeline[1].rem_pipe_reg[2][27]/R
                            (rising edge-triggered cell FDRE clocked by sys_clk_pin  {rise@0.000ns fall@4.000ns period=8.000ns})
  Path Group:             (none)
  Path Type:              Hold (Min at Fast Process Corner)
  Data Path Delay:        1.186ns  (logic 0.309ns (26.084%)  route 0.877ns (73.916%))
  Logic Levels:           1  (IBUF=1)
  Clock Path Skew:        2.307ns (DCD - SCD - CPR)
    Destination Clock Delay (DCD):    2.307ns
    Source Clock Delay      (SCD):    0.000ns
    Clock Pessimism Removal (CPR):    -0.000ns

    Location             Delay type                Incr(ns)  Path(ns)    Netlist Resource(s)
  -------------------------------------------------------------------    -------------------
    M20                                               0.000     0.000 r  reset (IN)
                         net (fo=0)                   0.000     0.000    reset
    M20                  IBUF (Prop_ibuf_I_O)         0.309     0.309 r  reset_IBUF_inst/O
                         net (fo=503, routed)         0.877     1.186    SQRT_MAP/reset_IBUF
    SLICE_X104Y104       FDRE                                         r  SQRT_MAP/gen_pipeline[1].rem_pipe_reg[2][27]/R
  -------------------------------------------------------------------    -------------------

                         (clock sys_clk_pin rise edge)
                                                      0.000     0.000 r  
    H16                                               0.000     0.000 r  clk (IN)
                         net (fo=0)                   0.000     0.000    clk
    H16                  IBUF (Prop_ibuf_I_O)         0.406     0.406 r  clk_IBUF_inst/O
                         net (fo=1, routed)           0.907     1.313    clk_IBUF
    BUFGCTRL_X0Y16       BUFG (Prop_bufg_I_O)         0.029     1.342 r  clk_IBUF_BUFG_inst/O
                         net (fo=864, routed)         0.965     2.307    SQRT_MAP/clk_IBUF_BUFG
    SLICE_X104Y104       FDRE                                         r  SQRT_MAP/gen_pipeline[1].rem_pipe_reg[2][27]/C

Slack:                    inf
  Source:                 reset
                            (input port)
  Destination:            SQRT_MAP/gen_pipeline[14].root_pipe_reg[15][11]/R
                            (rising edge-triggered cell FDRE clocked by sys_clk_pin  {rise@0.000ns fall@4.000ns period=8.000ns})
  Path Group:             (none)
  Path Type:              Hold (Min at Fast Process Corner)
  Data Path Delay:        1.324ns  (logic 0.309ns (23.367%)  route 1.015ns (76.633%))
  Logic Levels:           1  (IBUF=1)
  Clock Path Skew:        2.306ns (DCD - SCD - CPR)
    Destination Clock Delay (DCD):    2.306ns
    Source Clock Delay      (SCD):    0.000ns
    Clock Pessimism Removal (CPR):    -0.000ns

    Location             Delay type                Incr(ns)  Path(ns)    Netlist Resource(s)
  -------------------------------------------------------------------    -------------------
    M20                                               0.000     0.000 r  reset (IN)
                         net (fo=0)                   0.000     0.000    reset
    M20                  IBUF (Prop_ibuf_I_O)         0.309     0.309 r  reset_IBUF_inst/O
                         net (fo=503, routed)         1.015     1.324    SQRT_MAP/reset_IBUF
    SLICE_X102Y104       FDRE                                         r  SQRT_MAP/gen_pipeline[14].root_pipe_reg[15][11]/R
  -------------------------------------------------------------------    -------------------

                         (clock sys_clk_pin rise edge)
                                                      0.000     0.000 r  
    H16                                               0.000     0.000 r  clk (IN)
                         net (fo=0)                   0.000     0.000    clk
    H16                  IBUF (Prop_ibuf_I_O)         0.406     0.406 r  clk_IBUF_inst/O
                         net (fo=1, routed)           0.907     1.313    clk_IBUF
    BUFGCTRL_X0Y16       BUFG (Prop_bufg_I_O)         0.029     1.342 r  clk_IBUF_BUFG_inst/O
                         net (fo=864, routed)         0.964     2.306    SQRT_MAP/clk_IBUF_BUFG
    SLICE_X102Y104       FDRE                                         r  SQRT_MAP/gen_pipeline[14].root_pipe_reg[15][11]/C

Slack:                    inf
  Source:                 reset
                            (input port)
  Destination:            SQRT_MAP/gen_pipeline[2].rem_pipe_reg[3][28]/R
                            (rising edge-triggered cell FDRE clocked by sys_clk_pin  {rise@0.000ns fall@4.000ns period=8.000ns})
  Path Group:             (none)
  Path Type:              Hold (Min at Fast Process Corner)
  Data Path Delay:        1.338ns  (logic 0.309ns (23.134%)  route 1.028ns (76.866%))
  Logic Levels:           1  (IBUF=1)
  Clock Path Skew:        2.306ns (DCD - SCD - CPR)
    Destination Clock Delay (DCD):    2.306ns
    Source Clock Delay      (SCD):    0.000ns
    Clock Pessimism Removal (CPR):    -0.000ns

    Location             Delay type                Incr(ns)  Path(ns)    Netlist Resource(s)
  -------------------------------------------------------------------    -------------------
    M20                                               0.000     0.000 r  reset (IN)
                         net (fo=0)                   0.000     0.000    reset
    M20                  IBUF (Prop_ibuf_I_O)         0.309     0.309 r  reset_IBUF_inst/O
                         net (fo=503, routed)         1.028     1.338    SQRT_MAP/reset_IBUF
    SLICE_X102Y103       FDRE                                         r  SQRT_MAP/gen_pipeline[2].rem_pipe_reg[3][28]/R
  -------------------------------------------------------------------    -------------------

                         (clock sys_clk_pin rise edge)
                                                      0.000     0.000 r  
    H16                                               0.000     0.000 r  clk (IN)
                         net (fo=0)                   0.000     0.000    clk
    H16                  IBUF (Prop_ibuf_I_O)         0.406     0.406 r  clk_IBUF_inst/O
                         net (fo=1, routed)           0.907     1.313    clk_IBUF
    BUFGCTRL_X0Y16       BUFG (Prop_bufg_I_O)         0.029     1.342 r  clk_IBUF_BUFG_inst/O
                         net (fo=864, routed)         0.964     2.306    SQRT_MAP/clk_IBUF_BUFG
    SLICE_X102Y103       FDRE                                         r  SQRT_MAP/gen_pipeline[2].rem_pipe_reg[3][28]/C





